"申請日期","股票代號","公司名稱","董事長","申請時股本(仟元)","上櫃審議委員會審議日期","櫃買董事會通過上櫃日期","櫃買同意上櫃契約日期或證期局核准上櫃契約日期","股票上櫃買賣日期","主辦承銷商","承銷價","備註"
"2025/05/13","7782","光速火箭","陳冠愷","212270000","","","","","元富","",""
"2025/04/30","7738","東聯互動","吳侑勳","248557990","","","","","永豐金","",""
"2025/04/29","6971","惠民實業","吳萬益","351680000","","","","","永豐金","",""
"2025/04/29","7770","君曜","林澤琦","271720530","","","","","永豐金","",""
"2025/04/28","7716","昱臺國際","劉枋","200000000","","","","","中國信託","",""
"2025/04/25","5547","久舜","林世貞","360000000","","","","","康和","",""
"2025/04/21","4166","友霖","蔡正弘","2230350890","","","","","元富","","科技事業"
"2025/04/01","7751","竑騰","王獻儀","244116000","","","","","台新","",""
"2025/03/31","7753","星亞","戴呈易","221000000","","","","","凱基","",""
"2024/12/30","6892","台寶生醫","郭旭崧","844825000","","","","","永豐金","","科技事業"
"2024/12/26","7642","昶瑞機電","蔡翔如","265000000","2025/02/24","2025/03/21","2025/03/25","","富邦","",""
"2024/12/18","6498","久禾光","王世岳","411428920","2025/02/27","2025/03/21","2025/03/25","","宏遠","",""
"2024/11/29","6597","立誠","周萬順","263422500","2025/01/22","2025/02/21","2025/02/26","2025/05/08","福邦","86.57",""
"2024/11/29","7747","昕奇雲端","許承強","236260000","2025/01/16","2025/02/21","2025/02/26","","凱基","",""
"2024/10/30","7743","金利食安","廖日興","333633380","2024/12/18","2024/12/27","2024/12/31","","凱基","",""
"2024/10/29","7718","友鋮","張宏誠","408964840","2024/12/16","2024/12/27","2024/12/31","2025/03/18","富邦","40",""
"2024/10/23","1295","生合","楊連傳","313548000","2024/12/10","2024/12/27","2024/12/31","","台新","",""
"2024/09/26","7734","印能科技","洪誌宏","200850000","2024/11/20","2024/12/04","2024/12/09","2025/02/26","台新","1250",""
"2024/09/25","3467","台灣精材","馬堅勇","282065690","2024/11/13","2024/12/04","2024/12/09","2025/03/25","元大","35",""
"2024/09/25","7717","萊德光電-KY","歐正明","215817680","","","","","中國信託","",""
"2024/09/25","7728","光焱科技","柯歷亞","123140800","2024/11/15","2024/12/04","2024/12/09","2025/03/06","台新","220",""
"2024/09/19","7723","築間","林楷傑","458395500","2025/01/14","2025/02/21","2025/02/26","2025/04/30","凱基","45",""
"2024/09/13","7713","威力德生醫","周國忠","415788430","2024/11/06","2024/11/29","2024/12/04","2025/02/24","台新","55",""
"2024/09/09","7547","碩網","張育達","290000000","2025/04/30","","","","永豐金","","科技事業"
"2024/09/05","7709","榮田","陳松田","345017400","2024/10/29","2024/11/29","2024/12/04","2025/02/25","台新","45",""
"2024/08/23","7714","創泓科技","黃健寧","186300000","2024/10/22","2024/11/29","2024/12/04","2025/01/15","中國信託","86.06",""
"2024/08/12","6872","浩宇生醫","陳正","623720110","2024/11/12","2024/12/04","2024/12/09","2025/03/07","元富","23.4","科技事業"
"2024/07/31","7715","裕山","劉原宏","290000000","2024/09/18","2024/10/25","2024/10/30","2025/01/15","永豐金","39.6",""
"2024/07/30","4749","新應材","詹文雄","821747650","2024/11/05","2024/11/29","2024/12/04","2025/01/17","兆豐","480",""
"2024/07/30","6997","博弘","井琪","200115000","2024/09/12","2024/09/20","2024/09/26","2024/12/16","元大","101",""
"2024/07/26","6720","久昌","葉錦祥","224785360","2024/09/06","2024/09/20","2024/09/26","2024/12/04","中國信託","138",""
"2024/07/22","6982","大井泵浦","黃景豐","353491000","2024/09/13","2024/09/20","2024/09/26","2024/12/18","華南永昌","51",""
"2024/06/27","7708","全家餐飲","吳勝福","230000000","2024/08/06","2024/08/23","2024/08/30","2024/11/15","元大","72",""
"2024/06/27","7712","博盛半導體","孟祥集","294238730","2024/09/26","2024/10/25","2024/10/30","2024/12/26","兆豐","186",""
"2024/06/25","6996","力領科技","毛穎文","380243330","2024/08/09","2024/08/23","2024/08/30","2024/12/10","兆豐","200",""
"2024/06/25","7703","銳澤","梁進利","316000000","2024/08/13","2024/08/23","2024/08/30","2024/11/13","凱基","120",""
"2024/06/18","7704","明遠精密","寇崇善","306033040","2024/08/08","2024/08/23","2024/08/30","2024/12/16","凱基","69",""
"2024/05/30","6913","鴻呈","簡忠正","379602960","2024/07/10","2024/07/19","2024/07/23","2024/10/01","兆豐","100.73",""
"2024/04/30","6925","意藍","陳甫彥","176443000","2025/02/18","2025/03/21","2025/03/25","","凱基","",""
"2024/04/30","6967","汎瑋材料","李家旺","225724770","2024/07/05","2024/07/19","2024/07/23","2024/09/25","凱基","50",""
"2024/04/29","8272","全景軟體","楊瑞明","171977550","2024/06/28","2024/07/19","2024/07/23","2024/10/23","富邦","59",""
"2024/04/08","1294","漢田生技","李雨霖","194144330","2024/06/07","2024/06/21","2024/06/27","2024/09/26","中國信託","118",""
"2024/04/08","4772","台特化","徐秀蘭","1382365520","2024/05/27","2024/06/21","2024/06/27","2024/09/20","元大","110",""
"2024/03/28","2751","王座","王耀輝","170000000","2024/07/08","2024/07/19","2024/07/23","2024/09/10","永豐金","70.8",""
"2024/03/28","6968","萬達寵物","陳樂維","399000000","2024/05/15","2024/05/24","2024/05/28","2024/08/14","福邦","68",""
"2024/03/27","6739","竹陞科技","方泰又","202930000","2024/05/13","2024/05/24","2024/05/28","2024/09/02","群益","75",""
"2024/03/08","7584","樂意","梁敏永","145258080","2024/05/03","2024/05/24","2024/05/28","2024/07/25","元富","75",""
"2023/12/28","6953","家碩","邱銘乾","272976000","2024/02/21","2024/03/22","2024/03/28","2024/05/13","元大","216.8",""
"2023/12/21","6881","潤德","簡滄圳","135000000","2024/02/02","2024/02/23","2024/02/27","2024/05/21","第一金","165",""
"2023/12/19","6903","巨漢","王滄鍊","606000000","2024/01/31","2024/02/23","2024/02/27","2024/06/12","富邦","151",""
"2023/11/29","6617","共信-KY","吳崇漢","1133361000","2024/02/01","2024/02/23","2024/02/27","2024/06/18","台新","141.16","科技事業"
"2023/11/21","6637","醫影","謝穗徽","214500000","2024/01/05","2024/01/19","2024/01/23","2024/06/18","富邦","66",""
"2023/10/12","2941","米斯特","林瑞豪","139900000","2023/11/23","2023/12/22","2023/12/25","2024/03/20","國泰","78",""
"2023/10/12","5548","安倉","張欣夷","360000000","2023/11/29","2023/12/22","2023/12/25","2024/03/18","福邦","20",""
"2023/09/26","6875","國邑*","王建治","585352020","2023/11/09","2023/11/24","2023/12/01","2024/03/26","國泰","65","科技事業"
"2023/09/19","6899","創為精密","趙書華","385604910","2023/11/02","2023/11/24","2023/12/01","2024/04/08","凱基","50",""
"2023/09/14","6929","佑全","鄭振文","400000000","2023/11/08","2023/11/24","2023/12/01","2024/03/28","台新","65.01",""
"2023/07/31","2948","寶陞","黃楷倫","248100000","2023/09/13","2023/10/20","2023/10/25","2023/12/12","兆豐","72",""
"2023/07/28","6844","諾貝兒","張振興","350424400","2023/12/14","2023/12/22","2023/12/25","2024/03/08","台新","170","股本含私募50,000,000元"
"2023/07/13","2949","欣新網","陳德仁","220000000","2023/10/06","2023/10/20","2023/10/25","2023/12/15","台新","90",""
"2023/07/03","4442","竣邦-KY","高振芳","244699380","2023/08/16","2023/08/25","2023/08/30","2023/11/29","台新","22",""
"2023/06/27","6904","伯鑫","趙秀月","165000000","2023/08/14","2023/08/25","2023/08/30","2023/12/05","國泰","81",""
"2023/06/12","6692","進能服","黃舉昇","398521500","2023/08/10","2023/08/25","2023/08/30","2024/02/02","統一","30",""
"2023/06/05","6894","衛司特","林世民","204020000","2023/07/19","2023/08/25","2023/08/30","2023/11/29","兆豐","106",""
"2023/05/31","6856","鑫傳","廖紫岑","240000000","2023/07/14","2023/07/21","2023/07/28","2023/10/27","台新","65",""
"2023/04/27","6870","騰雲","梁基文","196000000","2023/06/06","2023/06/26","2023/06/29","2023/09/14","福邦","128",""
"2023/04/26","6922","宸曜科技","高明和","228540750","2023/06/14","2023/06/26","2023/06/29","2023/11/09","凱基","82",""
"2023/03/30","6895","宏碩系統","趙勤孝","310000000","2023/05/12","2023/05/19","2023/05/26","2023/08/22","兆豐","100",""
"2023/03/06","6785","昱展新藥","林東和","570000000","2023/11/10","2023/11/24","2023/12/01","2024/01/24","中國信託","150","科技事業"
"2022/11/17","6821","聯寶","譚明珠","280000000","2023/01/31","2023/02/24","2023/03/07","2023/05/22","康和","30",""
"2022/10/31","2073","雄順","陳啟祥","249980000","2023/02/13","2023/02/24","2023/03/07","2023/06/21","永豐金","22",""
"2022/10/26","6846","綠茵","吳嘉峰","244133000","2022/12/08","2022/12/23","2022/12/26","2023/05/15","福邦","68",""
"2022/10/26","6877","鏵友益","杜泰源","300150000","2023/02/16","2023/02/24","2023/03/07","2023/06/16","元大","22",""
"2022/09/30","6584","南俊國際","李金蘭","584898000","2022/12/05","2022/12/23","2022/12/26","2023/05/18","凱基","36",""
"2022/09/06","6865","偉康科技","連泓鈞","130000000","2022/10/18","2022/11/25","2022/12/01","2023/01/11","日盛","58",""
"2022/08/31","6840","東研信超","吳仲超","229900000","2022/11/07","2022/11/25","2022/12/01","2023/03/24","永豐金","68",""
"2022/07/29","6874","倍力","許金隆","145000000","2022/09/08","2022/09/23","2022/10/03","2022/12/14","富邦","44.88",""
"2022/07/21","6517","保勝光學","方幼玲","279640530","2022/09/01","2022/09/23","2022/10/03","2022/12/15","凱基","32.8",""
"2022/07/21","8227","巨有科技","賴志賢","331930000","2022/09/13","2022/09/23","2022/10/03","2022/12/20","華南永昌","42.68",""
"2022/07/20","6708","天擎","呂惠平","255957790","2022/09/05","2022/09/23","2022/10/03","2022/12/29","凱基","28",""
"2022/07/13","6859","伯特光","陳柏輯","293800000","2022/08/26","2022/09/23","2022/10/03","2022/11/28","福邦","102",""
"2022/06/30","6791","虎門科技","林麗俐","183870000","2022/08/10","2022/08/19","2022/08/23","2022/11/14","富邦","46",""
"2022/05/31","4951","精拓科","陳神寶","301323130","2022/08/11","2022/08/19","2022/08/23","2022/11/03","第一金","43.72",""
"2022/05/13","6843","進典","范義鑫","296020000","2022/07/08","2022/07/22","2022/07/28","2022/11/21","永豐金","35",""
"2022/04/29","3430","奇鈦科","龍筱芬","297360850","2022/06/09","2022/06/24","2022/06/30","2022/09/08","中國信託","42",""
"2022/04/28","4584","君帆","胡進財","247800000","2022/06/08","2022/06/24","2022/06/30","2022/10/05","凱基","40.57",""
"2022/04/28","6841","長佳智能","陳明豐","900000000","2022/11/03","2022/11/25","2022/12/01","2023/03/01","元富","57.6","科技事業"
"2022/04/28","6855","數泓科","游祥鎮","192161050","2022/06/07","2022/06/24","2022/06/30","2022/10/06","台新","76",""
"2022/03/31","6811","宏碁資訊","陳俊聖","364490000","2022/05/11","2022/05/20","2022/05/26","2022/08/09","台新","110",""
"2021/12/30","6546","正基","陳明哲","602329370","2022/02/17","2022/02/25","2022/03/04","2022/05/24","凱基","96",""
"2021/12/27","6823","濾能","黃銘文","177625000","2022/02/16","2022/02/25","2022/03/04","2022/06/30","永豐金","98.6",""
"2021/12/16","5228","鈺鎧","黃其集","335792530","2022/01/26","2022/02/25","2022/03/04","2022/05/20","永豐金","20",""
"2021/12/10","4577","達航","翁榮隨","430132850","2022/02/15","2022/02/25","2022/03/04","2022/06/14","康和","32",""
"2021/11/24","6735","美達科技","陳林杰","352000000","2022/01/07","2022/01/21","2022/01/25","2022/04/29","群益金鼎","83",""
"2021/10/28","4558","寶緯","詹&#21234;霖","441000000","2021/12/14","2021/12/24","2021/12/29","2022/03/17","日盛","40",""
"2021/10/27","6763","綠界科技","林雪慧","148213450","2021/12/03","2021/12/10","2021/12/15","2022/03/15","元富","760",""
"2021/10/13","3349","寶德","盧賀隆","339974310","2021/12/15","2021/12/24","2021/12/29","2022/03/23","日盛","18.88",""
"2021/10/13","6721","信實","楊文榮","200000000","2021/11/29","2021/12/10","2021/12/15","2022/04/29","第一金","58",""
"2021/10/08","6804","明係","江永平","274000000","2021/12/03","2021/12/10","2021/12/15","2022/03/31","兆豐","40",""
"2021/10/08","6829","千附精密","張瓊如","537900000","2021/11/12","2021/11/19","2021/11/25","2022/03/11","元大","66",""
"2021/09/30","4923","力士","張晉誠","250000000","2021/11/30","2021/12/10","2021/12/15","2022/03/14","宏遠","61.88",""
"2021/09/29","4768","晶呈科技","陳亞理","318661240","2021/11/11","2021/11/19","2021/11/25","2022/04/13","國票","86.8",""
"2021/09/29","6693","廣閎科","林明璋","406400000","2021/11/10","2021/11/19","2021/11/25","2022/03/01","兆豐","116",""
"2021/07/30","2756","聯發國際","鄭凱隆","131250000","2021/09/14","2021/09/24","2021/09/30","2022/01/14","凱基","78.80",""
"2021/06/07","6761","穩得","高治宏","213181500","2021/08/10","2021/08/20","2021/08/25","2021/11/08","永豐金","68",""
"2021/04/29","2947","振宇五金","曾善","172686000","2021/06/15","2021/06/25","2021/06/29","2021/10/06","元大","80",""
"2021/04/28","6788","華景電","陳榮華","315956830","2021/06/10","2021/06/25","2021/06/30","2021/09/29","富邦","125",""
"2021/03/31","6684","安格","胡漢良","214110000","2021/05/14","2021/05/21","2021/05/27","2021/08/11","福邦","88",""
"2021/03/24","5236","凌陽創新","黃洲杰","524500940","2021/05/06","2021/05/21","2021/05/27","2021/07/29","福邦","160",""
"2020/11/27","6741","91APP*-KY","何英圻","535899985","2021/02/19","2021/02/26","2021/03/05","2021/05/25","元大","66",""
"2020/11/19","3357","臺慶科","謝明諺","910000000","2021/01/11","2021/01/22","2021/01/27","2021/04/27","第一金","118.78",""
"2020/09/23","6651","全宇昕","李建慶","286029890","2020/11/12","2020/11/20","2020/11/24","2021/02/01","玉山","50.6",""
"2020/09/14","6661","威健生技","陳富鈐","207042480","2020/10/29","2020/11/20","2020/11/24","2021/01/27","兆豐","26",""
"2020/09/07","6767","台微醫","梁晃千","263900000","2020/11/11","2020/11/20","2020/11/25","2021/01/25","凱基","30","科技事業"
"2020/08/31","6733","博晟生醫","陳德禮","920000000","2020/10/26","2020/11/20","2020/11/25","2021/01/28","元大","28","科技事業"
"2020/08/28","6762","達亞","張有德","184385840","2020/10/14","2020/10/23","2020/10/28","2020/12/18","元富","267.98",""
"2020/08/24","6712","長聖","劉銖淇","560000000","2020/10/15","2020/10/23","2020/10/28","2021/01/08","元富","138","科技事業"
"2020/07/31","6747","亨泰光","吳泰雄","220000000","2020/10/27","2020/11/20","2020/11/25","2021/01/19","永豐金","100",""
"2020/07/29","6752","叡揚資訊","張培鏞","242000000","2020/09/09","2020/09/25","2020/09/28","2020/12/10","群益金鼎","56",""
"2020/07/22","6727","亞泰金屬","鄒貴銓","180521250","2020/08/31","2020/09/25","2020/09/29","2020/12/01","華南永昌","52.8",""
"2020/07/20","6751","智聯服務","施宣輝","111300000","2020/09/18","2020/09/25","2020/09/29","2020/12/25","福邦","60",""
"2020/06/23","7556","意德士科技","闕聖哲","185000000","2020/08/06","2020/08/21","2020/08/25","2020/10/30","永豐金","88",""
"2020/06/22","2755","揚秦","卓元裕","180000000","2020/09/04","2020/09/25","2020/09/28","2020/12/16","台新","60",""
"2020/06/18","4945","陞達科技","李坤蒼","260000000","2020/07/29","2020/08/21","2020/08/25","2020/11/20","國票","38",""
"2020/04/28","8089","康全電訊","任冠生","495960270","2020/07/08","2020/07/24","2020/07/30","2020/09/23","統一","45.24","股本含私募24,312,410元"
"2020/04/27","6703","軒郁","胡蕙郁","178000000","2020/06/09","2020/06/19","2020/06/23","2020/10/20","富邦","96.9",""
"2020/04/23","6728","上洋","吳明富","200200000","2020/08/20","2020/09/25","2020/09/28","2020/12/25","台新","43",""
"2019/12/30","2754","亞洲藏壽司","西川健太郎","378730000","2020/03/02","2020/03/20","2020/03/26","2020/09/17","元大","55",""
"2019/12/19","6732","昇佳電子","李盛樞","377813480","2020/02/12","2020/02/21","2020/02/26","2020/06/08","兆豐","498",""
"2019/12/05","8284","三竹","邱宏哲","411920000","2020/01/16","2020/02/21","2020/02/26","2020/05/18","兆豐","45",""
"2019/11/26","6588","東典光電","陳正德","232758250","2020/01/08","2020/01/17","2020/01/21","2020/07/01","元富","68",""
"2019/10/30","6716","應廣","唐燦弼","200170150","2019/12/10","2019/12/20","2019/12/24","2020/03/27","兆豐","42",""
"2019/10/07","2743","山富","陳國森","282317000","2019/12/02","2019/12/20","2019/12/24","2020/03/09","福邦","12.5",""
"2019/09/25","3597","映興","賴柄源","310111500","2019/11/11","2019/11/22","2019/11/28","2020/03/09","華南永昌","15.49",""
"2019/09/03","4580","捷流閥業","楊大中","355900000","2019/10/15","2019/10/25","2019/10/28","2020/01/06","元大","78",""
"2019/08/29","6527","明達醫","王威","214200000","2019/10/17","2019/10/25","2019/10/28","2019/12/25","凱基","58.8",""
"2019/08/23","6697","東捷資訊","高尚偉","254213640","2019/10/03","2019/10/25","2019/10/28","2019/12/26","台新","42.6","股本含私募50,842,730元"
"2019/06/28","6690","安碁資訊","施宣輝","126296000","2019/08/08","2019/08/23","2019/08/29","2019/10/30","台新","55",""
"2019/05/28","2752","豆府","吳柏勳","164920000","2019/07/12","2019/07/19","2019/07/26","2019/09/25","福邦","105",""
"2019/04/26","4931","新盛力","張中秋","546837610","2019/06/14","2019/06/21","2019/06/27","2019/09/17","台新","18",""
"2019/04/11","6642","富致","陳繼聖","278996620","2019/05/27","2019/06/21","2019/06/27","2019/09/23","永豐金","30",""
"2019/04/11","6680","鑫創電子","許育瑞","149600000","2019/05/23","2019/06/21","2019/06/27","2019/09/16","兆豐","60",""
"2018/12/18","6589","台康生技","李重和","1490663750","2019/03/12","2019/03/22","2019/03/28","2019/06/28","凱基","30.85","科技事業"
"2018/12/11","6683","雍智科技","李職民","246246610","2019/01/23","2019/02/22","2019/03/05","2019/04/23","凱基","75",""
"2018/12/05","6624","萬年清","何家慶","160000000","2019/01/29","2019/02/22","2019/03/05","2019/05/28","國泰","50",""
"2018/11/30","6649","台生材","呂俊德","300000000","2019/01/19","2019/01/25","2019/01/30","2019/06/05","元大","42","科技事業"
"2018/11/26","6679","鈺太科技","邱景宏","375373350","2019/02/13","2019/02/22","2019/03/05","2019/05/09","凱基","70",""
"2018/11/22","6516","勤崴","柯應鴻","267020850","2019/01/16","2019/01/25","2019/01/30","2019/05/06","元大","138",""
"2018/10/26","6629","泰金-KY","許大進","300000000","2018/12/07","2018/12/21","2018/12/25","2019/06/06","中國信託","35.6",""
"2018/10/16","4760","勤凱科技","曾聰乙","254031130","2018/11/30","2018/12/21","2018/12/25","2019/03/21","富邦","22.60",""
"2018/10/09","6662","樂斯科","陳振忠","232944000","2018/12/05","2018/12/21","2018/12/25","2019/03/26","日盛","36.80",""
"2018/09/26","6418","詠昇","黃塗城","304600000","2018/11/07","2018/11/23","2018/11/28","2019/02/18","台新","22.04",""
"2018/09/18","6425","易發","羅文進","375170000","2018/11/01","2018/11/23","2018/11/28","2019/01/18","福邦","30",""
"2018/07/31","4538","大詠城","謝順民","420000000","2018/09/11","2018/09/21","2018/10/01","2019/01/15","日盛","14",""
"2018/07/31","6590","普鴻","林群國","130000000","2018/09/13","2018/09/21","2018/10/01","2018/12/24","日盛","19.14",""
"2018/07/27","2070","精湛","吳俊男","322828000","2018/09/12","2018/09/21","2018/10/01","2018/12/17","永豐金","31.87",""
"2018/07/26","6643","M31","林孝平","286400000","2018/08/28","2018/09/21","2018/10/01","2019/01/23","永豐金","198",""
"2018/07/05","6640","均華","梁又文","257175000","2018/08/16","2018/08/24","2018/08/29","2018/10/23","凱基","37.5",""
"2018/06/26","6667","信紘科","簡士堡","312858780","2018/08/15","2018/08/24","2018/08/29","2018/11/13","第一金","37.02",""
"2018/06/11","4767","誠泰科技","王勝義","286750000","2018/07/25","2018/08/24","2018/08/29","2018/10/29","凱基","18",""
"2018/06/04","6654","天正國際","周倩玉","236160000","2018/08/02","2018/08/24","2018/08/29","2018/10/23","台新","73.58",""
"2018/05/30","4568","科際精密","張智","270000000","2018/07/12","2018/07/20","2018/07/26","2018/10/03","永豐金","75",""
"2018/04/26","3178","公準精密","蘇友欣","397500000","2018/08/03","2018/08/24","2018/08/29","2018/11/19","第一金","29.63",""
"2018/04/26","6664","群翊","陳安順","500000000","2018/05/25","2018/06/22","2018/06/25","2018/09/12","福邦","55",""
"2018/04/10","6578","達邦蛋白","劉郁芬","256738110","2018/05/23","2018/06/22","2018/06/25","2018/09/18","永豐金","20",""
"2018/03/26","1240","茂生農經","黃強","300580000","2018/05/03","2018/05/25","2018/05/31","2018/08/08","兆豐","47.19",""
"2018/02/27","4744","皇將","林靜宜","402086640","2018/05/03","2018/05/25","2018/05/31","2018/07/12","福邦","28",""
"2017/12/29","6561","是方","吳彥宏","600456310","2018/03/14","2018/03/23","2018/03/29","2018/06/05","元大","170",""
"2017/12/28","3147","大綜電腦","李志忠","300050990","2018/03/13","2018/03/23","2018/03/29","2018/05/29","華南永昌","19",""
"2017/12/28","5223","安力-KY","許振焜","384417000","2018/03/28","2018/04/27","2018/05/03","2018/07/02","國泰","27",""
"2017/12/22","4563","百德","謝瑞木","352500000","2018/02/22","2018/03/23","2018/03/29","2018/07/12","日盛","58.9",""
"2017/12/22","6612","奈米醫材","樂亦宏","302825000","2018/04/10","2018/04/27","2018/05/03","2018/07/18","兆豐","46.45",""
"2017/11/28","4561","健椿","葉橫燦","501124660","2018/03/07","2018/03/23","2018/03/29","2018/06/11","第一金","26.5",""
"2017/10/19","5220","萬達光電","葉恒銘","350000000","2017/12/25","2018/01/26","2018/02/02","2018/04/26","兆豐","25.3",""
"2017/10/18","5864","致和證","李文斌","2122835680","2017/12/14","2017/12/22","2017/12/27","2018/04/02","統一","9.06",""
"2017/10/16","2745","五福旅遊","許順富","255910260","2018/01/03","2018/01/26","2018/02/02","2018/04/16","台新","26",""
"2017/09/21","8440","綠電","洪敏昌","325652250","2017/11/23","2017/12/22","2017/12/27","2018/03/28","凱基","15.68",""
"2017/09/08","6530","創威","陳文宗","300000000","2017/11/10","2017/11/24","2017/11/29","2018/01/23","宏遠","15.5",""
"2017/09/04","5299","杰力","李啟隆","311559810","2017/11/09","2017/11/24","2017/11/29","2018/01/23","永豐金","50.01",""
"2017/09/04","6576","逸達","簡銘達","800380000","2018/04/17","2018/04/27","2018/05/04","2018/06/29","凱基","45.2","科技事業"
"2017/08/17","6547","高端疫苗","張世忠","1367650000","2017/11/28","2017/12/22","2017/12/27","2018/04/17","永豐金","28","科技事業"
"2017/08/15","6461","益得","林智暉","700000000","2017/12/11","2017/12/22","2017/12/27","2018/03/28","元富","34.8","科技事業"
"2017/07/31","6615","慧智","蘇怡寧","186700000","2017/10/19","2017/10/27","2017/11/01","2018/01/22","元富","72",""
"2017/07/26","6613","朋億","梁進利","296280000","2017/10/17","2017/10/27","2017/11/01","2017/12/28","凱基","135",""
"2017/07/14","6570","維田","李傳德","247846640","2017/09/11","2017/09/22","2017/09/27","2017/12/11","中國信託","25.2",""
"2017/07/14","6616","特昇-KY","黃世高","210000000","2017/09/11","2017/09/22","2017/09/27","2018/01/10","永豐金","18",""
"2017/07/11","6596","寬宏藝術","林建寰","190000000","2017/10/02","2017/10/27","2017/11/01","2018/01/04","福邦","62.84",""
"2017/04/28","1796","金穎生技","張曉莉","249563910","2017/10/16","2017/10/27","2017/11/01","2018/01/22","富邦","34.8",""
"2017/04/25","6441","廣錠","廖良彬","230212500","2017/07/06","2017/07/21","2017/07/26","2017/09/27","富邦","50",""
"2017/04/25","6593","台灣銘板","王挺榮","169475250","2017/07/10","2017/07/21","2017/07/26","2017/11/03","台新","30",""
"2017/03/31","1268","漢來美食","賴宗成","336000000","2017/06/12","2017/07/21","2017/07/26","2017/09/27","凱基","150",""
"2017/03/30","6574","霈方","呂慶盛","200000000","2017/06/12","2017/06/23","2017/06/29","2017/09/04","永豐金","128",""
"2017/03/16","4741","泓瀚","呂(木宜)境","291915840","2017/05/26","2017/06/23","2017/06/29","2017/09/26","國泰","55.2",""
"2017/03/16","8342","益張","陳新約","300426920","2017/07/07","2017/07/21","2017/07/26","2017/11/23","台新","41",""
"2016/12/28","6556","勝品","李宏銘","210000000","2017/03/30","2017/04/28","2017/05/05","2017/10/31","凱基","29.7",""
"2016/11/28","2937","集雅社","盧乾三","300000000","2017/02/16","2017/03/24","2017/03/31","2017/06/08","第一金","25.16",""
"2016/11/10","6594","展匯科","張琦棟","170000000","2017/01/24","2017/02/24","2017/03/06","2017/04/28","福邦","21",""
"2016/10/31","6438","迅得","官錦(方方土)","462000000","2017/01/04","2017/01/20","2017/01/26","2017/04/25","台新","42",""
"2016/10/31","6492","生華科","胡定吾","654931200","2017/01/06","2017/01/20","2017/01/26","2017/04/24","永豐金","162","科技事業"
"2016/10/27","2065","世豐","陳得麟","300000000","2016/12/27","2017/01/20","2017/01/26","2017/04/21","富邦","32.2",""
"2016/10/27","8489","三貝德","史勇信","229385000","2017/01/13","2017/02/24","2017/03/06","2017/04/27","凱基","85",""
"2016/10/21","8476","台境","張耿榕","292173900","2017/01/03","2017/01/20","2017/01/26","2017/03/28","宏遠","40",""
"2016/09/26","6497","亞獅康-KY","傅勇","1156709400","2017/01/05","2017/01/20","2017/01/26","2017/06/01","凱基","68.92","科技事業"
"2016/09/26","6577","勁豐","杜懷琪","328528700","2016/11/28","2016/12/23","2016/12/28","2017/03/21","群益金鼎","52.8",""
"2016/09/23","6472","保瑞","盛保熙","233480000","2016/12/21","2017/01/20","2017/01/26","2017/04/19","台新","32.5",""
"2016/08/30","6560","欣普羅","陳義文","151334460","2016/10/27","2016/11/25","2016/12/02","2017/01/24","日盛","30.8",""
"2016/08/25","4183","福永生技","郭鳳琳","208000000","2016/11/04","2016/11/25","2016/12/02","2017/03/09","大慶","19",""
"2016/07/28","6568","宏觀","林坤禧","224649000","2016/10/03","2016/10/21","2016/10/25","2016/12/28","兆豐","136",""
"2016/07/28","6569","醫揚","莊永順","143451000","2016/10/05","2016/10/21","2016/10/25","2016/12/21","台新","185",""
"2016/07/20","6554","冠科-KY","余國良","1313819920","2016/09/29","2016/10/21","2016/10/25","2016/12/12","元大","55.78",""
"2016/07/14","3426","台興","林萬興","200000000","2016/09/22","2016/10/21","2016/10/25","2016/12/21","元大","40",""
"2016/06/15","6199","天品(原精威；管理股票轉一般類股)","李振寬","617600180","","","2016/08/29","2016/10/07","群益金鼎","",""
"2016/05/12","8477","創業家","郭書齊","157384570","2016/07/20","2016/08/19","2016/08/26","2016/10/31","國泰","66",""
"2016/04/28","6548","長華科","黃嘉能","220056050","2016/07/05","2016/07/22","2016/07/28","2016/09/13","凱基","102",""
"2016/04/26","6535","順藥","蔡長海","842304000","2016/06/30","2016/07/22","2016/07/27","2016/09/26","元富","54","科技事業"
"2016/04/26","6538","倉和","蔡富得","279000000","2016/06/30","2016/07/22","2016/07/29","2016/10/21","兆豐","90",""
"2016/04/26","8279","生展","陳威仁","185597740","2016/06/28","2016/07/22","2016/07/27","2016/09/26","群益金鼎","58.8",""
"2016/04/21","8415","大國鋼","謝麗雲","6000000000","2016/06/29","2016/07/22","2016/07/27","2016/09/07","統一","15",""
"2016/04/15","6532","瑞耘","呂學恒","287267250","2016/06/20","2016/07/22","2016/07/27","2016/09/26","國泰","24",""
"2016/04/08","4754","國碳科","張超","137943400","2016/06/17","2016/06/24","2016/06/30","2016/09/28","國票","33",""
"2016/03/30","4554","橙的","許欽堯","183939000","2016/05/30","2016/06/24","2016/06/29","2016/08/05","宏遠","56",""
"2016/03/30","6486","互動","鄭炎為","420000000","2016/05/30","2016/06/24","2016/06/29","2016/09/13","富邦","33",""
"2016/03/30","6542","隆中","曾仲銘","225400000","2016/05/27","2016/06/24","2016/06/29","2016/09/08","元大","106",""
"2016/02/02","6499","益安","張有德","440883040","2016/04/20","2016/05/20","2016/05/27","2016/07/27","元富","132","科技事業"
"2015/12/30","6446","藥華藥","詹青柳","1904582590","2016/03/17","2016/03/25","2016/04/18","2016/07/19","凱基","159","科技事業"
"2015/12/24","6482","弘煜科","洪而立","113200000","2016/02/25","2016/03/25","2016/04/06","2016/06/13","日盛","66",""
"2015/10/30","6469","大樹","劉玉騰","231000000","2015/12/28","2016/01/22","2016/01/29","2016/03/30","台新","70",""
"2015/10/30","6523","達爾膚","吳奕叡","281937500","2015/12/30","2016/01/22","2016/01/29","2016/06/16","元大","188",""
"2015/10/27","5543","F-崇佑","楊明洲","239999960","2015/12/29","2016/01/22","2016/01/29","2016/05/09","國泰","22",""
"2015/10/22","5281","F-大峽","張家瑞","328900000","2015/12/14","2015/12/25","2015/12/28","2016/03/30","永豐金","35",""
"2015/09/25","4806","昇華","俞惟中","220000000","2015/11/27","2015/12/25","2015/12/28","2016/03/09","群益金鼎","112",""
"2015/09/25","6512","啟發","張鈺欽","227392530","2015/11/30","2015/12/25","2015/12/28","2016/03/25","兆豐","36",""
"2015/09/23","6494","九齊","郭秋麗","240596900","2015/11/30","2015/12/25","2015/12/28","2016/05/09","群益金鼎","26",""
"2015/09/22","2643","捷迅","顧城明","216020000","2015/11/30","2015/12/25","2015/12/28","2016/03/04","中國信託","26",""
"2015/09/21","4543","萬在","萬正乾","517440000","2015/11/26","2015/12/25","2015/12/28","2016/03/15","台新","26",""
"2015/09/10","8462","柏文","陳尚義","300000000","2015/11/27","2015/12/25","2015/12/29","2016/03/10","永豐金","72",""
"2015/08/31","6510","精測","李世欽","280020220","2015/11/11","2015/11/20","2015/12/02","2016/03/24","中國信託","360",""
"2015/08/20","8472","夠麻吉","吳怡霖","177978670","2015/10/29","2015/11/20","2015/12/02","2016/01/11","中國信託","128",""
"2015/08/13","2928","F-紅馬","周泰鳳","425701540","2015/10/29","2015/11/20","2015/12/03","2016/01/27","永豐金","30",""
"2015/08/10","6435","大中","陳日昇","296140000","2015/10/30","2015/11/20","2015/12/02","2016/01/07","凱基","28.8",""
"2015/07/30","4762","F-三汰","簡國濠","150000000","2015/10/15","2015/10/23","2015/10/30","2015/12/28","兆豐","58",""
"2015/07/30","7402","邑錡","曲紹麟","150000000","2015/10/12","2015/10/23","2015/10/30","2015/12/29","日盛","76",""
"2015/07/28","6496","科懋","陳澤民","425000000","2015/10/29","2015/11/20","2015/12/02","2016/01/07","凱基","95",""
"2015/07/08","2736","高野","劉清郎","423565560","2015/10/13","2015/10/23","2015/10/29","2016/01/06","元富","45",""
"2015/07/07","2740","天蔥","盧俊賢","121101630","2015/10/14","2015/10/23","2015/10/29","2015/12/24","國泰","65",""
"2015/06/24","4116","明基醫","陳其宏","383500000","2015/09/09","2015/09/25","2015/10/06","2015/12/16","元富","48",""
"2015/06/24","6465","威潤","湯潤闊","168379190","2015/09/03","2015/09/25","2015/10/06","2015/11/20","康和","69",""
"2015/06/24","6514"," F-芮特","吳東義","171330000","2015/08/27","2015/09/25","2015/10/06","2015/12/02","兆豐","39",""
"2015/05/28","4556","旭然","吳玲美","320000000","2015/09/18","2015/09/25","2015/10/07","2015/12/22","國泰","32",""
"2015/05/13","4804","F-大略","梁競偉","249984000","2015/07/27","2015/08/21","2015/09/02","2015/12/04","永豐金","82",""
"2015/04/30","4147","中裕","陳志全","2167940000","2015/07/09","2015/07/22","2015/07/29","2015/11/23","元富","115","科技事業"
"2015/04/30","4803","F-VHQ","劉國華","286900010","2015/08/26","2015/09/25","2015/10/14","2015/12/16","永豐金","86",""
"2015/04/30","5364","力麗觀光(原易福；管理股票轉一般類股)","黃武雄","100999400","","","2015/12/07","2016/01/06","兆豐","",""
"2015/04/30","6026","福邦證","黃顯華","2300000000","2015/10/21","2015/11/20","2015/12/02","2016/01/27","中國信託  ","9.50",""
"2015/04/30","6417","韋僑","曾穎堂","314230000","2015/06/24","2015/07/22","2015/07/29","2015/10/08","元大","30",""
"2015/04/30","6485","點序","劉坤旺","203630000","2015/08/24","2015/09/25","2015/10/06","2015/11/17","康和","43.4",""
"2015/04/30","6488","環球晶","徐秀蘭","3492500000","2015/07/09","2015/07/22","2015/07/29","2015/09/25","元大","61.5",""
"2015/04/28","8455","F-大拓","佐佐木Beji","224160560","2015/08/24","2015/10/23","2015/10/29","2016/01/08","康和","15.2",""
"2015/04/27","6470","宇智","袁允中","271658100","2015/07/27","2015/08/21","2015/09/02","2015/11/03","群益金鼎","32",""
"2015/04/23","8444","F-綠河","謝榮輝","666000000","2015/07/30","2015/08/21","2015/09/02","2015/10/27","元富","60",""
"2015/04/20","6462","神盾","羅森洲","621732540","2015/07/06","2015/07/22","2015/07/30","2015/12/23","元大寶來","115","科技事業"
"2015/03/06","3081","聯亞","陳建任","552890920","2015/05/08","2015/05/22","2015/05/28","2015/07/22","國泰","280",""
"2014/12/29","6432","今展科","王琴賢","172484400","2015/03/10","2015/03/20","2015/03/26","2015/05/20","永豐金","33",""
"2014/12/29","6457","紘康","趙伯寅","244193560","2015/03/11","2015/03/20","2015/03/26","2015/06/12","宏遠","32",""
"2014/12/05","8027","鈦昇科技","王明慶","508090370","2015/02/24","2015/03/20","2015/03/27","2015/06/09","永豐金","30",""
"2014/11/25","4167","展旺","顧曼芹","1720170000","2015/04/30","2015/06/26","2015/07/02","2015/09/08","康和","18","科技事業"
"2014/10/29","8437","F-大地","程釱坤","287406400","2015/01/15","2015/01/23","2015/02/03","2015/05/06","永豐金","102",""
"2014/10/28","3492","長盛","尚元良","315826000","2015/02/25","2015/03/20","2015/04/07","2015/05/18","統一","15",""
"2014/10/16","1264","德麥","林雪嬌","280137000","2015/01/16","2015/01/23","2015/02/04","2015/04/09","富邦","192",""
"2014/10/16","3672","康聯訊","陳友信","250069090","2015/01/14","2015/01/23","2015/02/03","2015/04/20","群益金鼎","42",""
"2014/09/30","3374","精材","關欣","2380507810","2014/12/27","2015/01/23","2015/02/02","2015/03/30","凱基","42",""
"2014/09/15","5245","智晶","王鴻鈞","357000000","2015/01/14","2015/01/23","2015/04/10","2015/05/25","國票","40",""
"2014/09/05","4550","長佳","王人達","299942400","2014/12/12","2014/12/19","2014/12/27","2015/03/18","華南永昌","26",""
"2014/08/29","2732","六角","王耀輝","234885000","2014/11/10","2014/11/21","2014/11/27","2015/01/20","永豐金","110",""
"2014/08/28","3122","笙泉","溫國良","345309340","2014/11/12","2014/11/21","2014/11/27","2015/01/26","群益金鼎","15",""
"2014/08/28","8431","匯鑽科","李素白","372000000","2014/12/11","2014/12/19","2014/12/27","2015/03/30","中國信託","35.5",""
"2014/08/25","4174","浩鼎","張念慈","1498762920","2014/11/17","2014/12/19","2014/12/26","2015/03/23","元富","310","科技事業"
"2014/08/06","4198","環瑞醫","李祖德","1350000000","2014/10/16","2014/10/24","2014/10/31","2014/12/23","國泰","50","科技事業"
"2014/08/05","4188","安克","李成家","360000000","2014/11/11","2014/11/21","2014/11/27","2015/03/24","福邦","38","科技事業"
"2014/07/30","2235","謚源","吳碣石","278780000","2014/10/15","2014/10/24","2014/10/31","2014/12/15","統一","53",""
"2014/07/25","2064","晉椿","陳陽輝","616000000","2014/10/17","2014/10/24","2014/11/04","2014/12/26","群益金鼎","20",""
"2014/06/30","4549","桓達","吳清德","320250000","2014/09/10","2014/09/19","2014/10/06","2014/11/27","元大寶來","97",""
"2014/06/24","3581","博磊","李篤誠","456760000","2014/09/09","2014/09/19","2014/09/30","2015/01/20","富邦","22",""
"2014/06/19","5291","邑昇","簡榮坤","291703080","2014/10/09","2014/10/24","2014/11/03","2014/12/23","群益金鼎","33",""
"2014/06/11","6426","統新","劉奇林","287000000","2014/08/29","2014/09/19","2014/09/29","2014/12/17","台新","32",""
"2014/05/30","3666","光耀","郭維斌","414600000","2014/09/11","2014/09/19","2014/09/30","2014/12/04","宏遠","39",""
"2014/05/30","5878","台名","李正之","171840000","2014/08/12","2014/08/22","2014/09/02","2014/10/28","康和","46",""
"2014/05/29","4192","杏國","李志文","515000000","2014/08/13","2014/08/22","2014/09/09","2014/10/28","永豐金","86","科技事業"
"2014/04/30","8420","明揚","鄭錫潛","453200000","2014/08/11","2014/08/22","2014/09/01","2014/11/10","台新","17.7",""
"2014/04/29","5284","F-jpp","王文山","300000000","2014/07/16","2014/07/25","2014/08/01","2014/10/07","第一金","50",""
"2014/04/23","2641","正德","蔡邦權","950000000","2014/07/01","2014/07/25","2014/08/01","2014/10/09","大眾","13",""
"2014/04/18","4433","興采","陳國欽","256724320","2014/07/04","2014/08/22","2014/09/02","2014/11/03","凱基","42",""
"2014/04/14","6419","京晨科","楊文彬","181531200","2014/06/30","2014/07/25","2014/07/31","2014/12/29","永豐金","57",""
"2014/04/02","8450","霹靂","黃文章","390000000","2014/06/03","2014/06/20","2014/07/03","2014/10/07","中國信託","150",""
"2014/03/31","3272","東碩","曹賜正","271125350","2014/06/05","2014/06/20","2014/07/01","2014/08/26","國泰","105",""
"2014/03/31","4542","科嶠","鄧全凱","218720000","2014/06/13","2014/06/20","2014/06/30","2014/08/25","富邦","60",""
"2014/03/31","4991","F-環宇","黃大倫","369735870","2014/05/30","2014/06/20","2014/07/01","2014/09/15","兆豐","42",""
"2014/03/28","4171","瑞基","劉正忠","303000000","2014/05/28","2014/06/20","2014/07/01","2014/08/14","國票","41","科技事業"
"2013/12/31","2726","F-雅茗","吳伯超","229831240","2014/09/26","2014/10/24","2014/10/31","2014/12/24","凱基","42",""
"2013/12/31","4541","晟田","謝永昌","441568570","2014/03/31","2014/04/25","2014/05/07","2014/07/22","凱基","48",""
"2013/12/25","5255","美桀科技","羅鵬程","335958000","2014/03/11","2014/03/21","2014/04/07","2014/07/25","凱基","34.5",""
"2013/10/31","6404","F-通訊","林維鈞","196900000","2014/04/01","2014/04/25","2014/05/07","2014/07/23","台新 ","250",""
"2013/10/28","2067","嘉義鋼鐵","曹光照","251437500","2014/02/24","2014/03/21","2014/04/07","2014/05/26","華南永昌","24",""
"2013/10/28","4175","杏一醫療用品","陳麗如","222700000","2014/01/16","2014/01/24","2014/01/28","2014/04/23","國泰","80",""
"2013/10/25","5266","F*AS","安達正純","121718801","2013/11/11","2013/11/22","2013/11/26","2014/01/14","元大寶來","105",""
"2013/10/21","5276","F-達輝","徐鴻鈞","350000000","2014/01/08","2014/01/24","2014/02/06","2014/06/12","康和","33",""
"2013/10/11","3684","榮昌科技","陳家榮","180284600","2013/12/30","2014/01/24","2014/02/05","2014/03/28","群益金鼎","32",""
"2013/10/03","3558","神準","蔡文河","422648810","2013/11/12","2013/11/22","2013/11/26","2013/12/30","康和","99",""
"2013/09/27","4157","F*太景","許明珠","19565853","2013/11/12","2013/11/22","2013/11/28","2014/01/17","凱基","50","科技事業"
"2013/09/11","2734","易飛網國際旅行社","周育蔚","184500000","2013/11/05","2013/11/22","2013/11/26","2013/12/26","凱基","45",""
"2013/08/30","4953","緯創軟體","林憲銘","356961750","2013/10/24","2013/11/22","2013/11/26","2014/01/08","凱基","32",""
"2013/08/07","6411","晶焱科技","王天來","555000000","2013/11/06","2013/11/22","2013/11/26","2014/03/11","凱基","35.5",""
"2013/07/29","8446","華研國際音樂","呂燕清","250000000","2013/10/03","2013/10/25","2013/10/29","2013/12/19","兆豐","108",""
"2013/07/23","4747","強生化學製藥廠","黃柏熊","180000000","2013/10/11","2013/10/25","2013/10/29","2013/12/25","統一","59.5",""
"2013/07/08","3693","營邦企業","梁順營","337556940","2013/09/14","2013/09/27","2013/10/09","2013/11/27","元大","98",""
"2013/06/28","4726","永昕生物醫藥","林榮錦","973110000","2013/10/09","2013/10/25","2013/10/31","2013/12/25","元富","65","科技事業"
"2013/06/25","3564","其陽科技","羅森洲","172644000","2013/09/03","2013/09/27","2013/10/09","2013/12/03","國泰","42",""
"2013/06/25","4180","安成國際藥業","陳志明","992411840","2013/08/29","2013/09/27","2013/10/09","2013/12/03","凱基","248","科技事業"
"2013/06/25","5289","宜鼎國際","李鐘亮","474617920","2013/08/27","2013/09/27","2013/10/09","2013/11/27","元富","62",""
"2013/06/11","5261","創傑科技","吳廣義","590919540","2013/08/12","2013/08/23","2013/09/10","2013/11/27","永豐金","58",""
"2013/06/11","8038","長園科技實業","張李琇玉","484410000","2013/08/14","2013/08/23","2013/09/10","2013/11/21","永豐金","58.9","科技事業"
"2013/06/10","4173","久裕企業 ","張俊仁","330743550","2013/08/15","2013/08/23","2013/09/03","2013/10/31","富邦","53.9",""
"2013/06/10","8409","商之器","盤文龍","204000000","2013/08/08","2013/08/23","2013/08/29","2013/11/25","華南永昌","27.5","科技事業"
"2013/05/31","5287","數字科技","廖世芳","280000000","2013/11/11","2013/11/22","2013/11/26","2014/01/20","國泰","240",""
"2013/05/23","3141","晶宏半導體","徐豫東","883183940","2013/10/07","2013/10/25","2013/11/01","2014/03/14","福邦","11.5","科技事業"
"2013/04/18","2066","世德工業","陳光裕","300500000","2013/06/14","2013/06/21","2013/06/27","2013/09/24","台新                     ","72",""
"2013/03/28","5227","F-立凱","張聖時","1129536540","2013/07/10","2013/07/19","2013/09/10","2013/12/09","凱基","45","科技事業"
"2013/03/28","8436","大江生醫","楊武男","297996000","2013/05/28","2013/06/21","2013/06/27","2013/09/12","富邦","93",""
"2012/12/27","4161","聿新生物科技","楊金昌","337656650","2013/04/02","2013/04/19","2013/05/02","2013/06/26","福邦","38","科技事業"
"2012/12/27","5272","笙科電子","曾三田","414003520","2013/03/12","2013/03/22","2013/04/08","2013/05/30","元富","33.5",""
"2012/12/24","4972","湯石照明科技","湯士權","294248840","2013/03/14","2013/03/22","2013/04/12","2013/06/17","宏遠","31",""
"2012/12/24","5278","尚凡資訊","張家銘","120000000","2013/03/06","2013/03/22","2013/04/09","2013/06/04","日盛","164",""
"2012/11/30","4971","F-IET","康潤生","259676870","2013/02/27","2013/03/22","2013/04/12","2013/07/24","中國信託","55",""
"2012/11/26","5274","信驊科技","林鴻明","212980180","2013/01/30","2013/02/22","2013/03/04","2013/04/30","元大寶來","110",""
"2012/10/30","4153","鈺緯科技","陳國森","189000000","2013/03/07","2013/03/22","2013/04/08","2013/05/23","群益金鼎","29",""
"2012/10/29","2230","泰茂","呂萬賢","306173380","2013/01/16","2013/01/25","2013/02/05","2013/04/18","日盛","14",""
"2012/10/26","8147","正凌","徐季麟","175886790","2013/01/18","2013/01/25","2013/02/05","2013/04/30","群益金鼎","17.5",""
"2012/09/28","2926","誠品生活","吳清友","410000000","2012/12/11","2012/12/21","2012/12/27","2013/01/30","國泰","156",""
"2012/09/28","4745","F-合富","王瓊芝","485695610","2012/12/10","2012/12/21","2012/12/26","2013/01/30","宏遠","63.8",""
"2012/09/28","8176","智捷科技","王傳芳","695590000","2013/01/14","2013/01/25","2013/02/05","2013/06/25","永豐金","15",""
"2012/09/27","8433","弘帆","朱鵬飛","600000000","2012/10/22","2012/11/02","2012/11/07","2012/12/19","富邦","28",""
"2012/09/25","4152","台灣微脂體","洪基隆","393709990","2012/10/24","2012/11/02","2012/11/08","2012/12/21","永豐金","158","科技事業"
"2012/09/13","4168","台灣醣聯生技醫藥","張東玄","433935850","2012/10/12","2012/10/19","2012/10/24","2012/12/18","台新","106","科技事業"
"2012/09/11","8435","台灣鉅邁","羅瑞淇","261114000","2012/11/15","2012/11/23","2012/11/30","2012/12/28","永豐金 ","38",""
"2012/08/30","3163","波若威科技","吳國精","572175000","2012/10/11","2012/10/19","2012/10/24","2012/12/03","大華","23",""
"2012/08/24","8424","惠普","張世宗","252238080","2012/10/09","2012/10/19","2012/10/25","2012/12/18","元大寶來","28",""
"2012/07/25","3594","磐儀科技","李明","392569180","2013/02/01","2013/02/22","2013/03/04","2013/05/07","元富","19",""
"2012/07/23","4432","銘旺實業","陳國雄","350000000","2012/09/11","2012/09/21","2012/10/05","2012/11/26","永豐金","33",""
"2012/07/16","5263","智崴資訊科技","黃仲銘","226260000","2012/09/12","2012/09/21","2012/10/04","2012/12/18","台新","58","科技事業"
"2012/07/04","1599","宏佳騰動力科技","鍾杰霖","355184960","2012/11/16","2012/11/23","2012/11/30","2012/12/25","統一","60",""
"2012/06/27","8155","博智電子","張永青","357000000","2012/08/31","2012/09/21","2012/10/04","2012/12/18","大華","24",""
"2012/06/22","1597","直得科技","陳麗芬","440079040","2012/11/14","2012/11/23","2012/11/27","2012/12/28","第一金","40",""
"2012/06/15","3663","鑫科材料科技","王茂根","656389240","2012/08/16","2012/08/24","2012/09/04","2012/11/20","大華","21",""
"2012/06/12","5251","天鉞電子","汪攘夷","203053140","2012/08/29","2012/09/21","2012/10/04","2012/11/26","第一金","38",""
"2012/05/30","4163","鐿鈦科技","蔡永芳","370000000","2012/08/09","2012/08/24","2012/09/04","2012/11/15","台新","70",""
"2012/05/28","4160","創源生物科技","張漢東","200000000","2012/07/11","2012/07/20","2012/08/01","2012/09/17","亞東","35",""
"2012/05/25","1256","F-鮮活","黃國晃","150000000","2012/06/11","2012/06/22","2012/07/06","2012/09/05","兆豐","50",""
"2012/05/07","8421","旭源包裝科技","黃南源","285983290","2012/08/30","2012/09/21","2012/10/04","2012/11/23","第一金","22",""
"2012/04/27","4162","智擎生技製藥  ","林榮錦","812390000","2012/06/12","2012/06/22","2012/07/09","2012/09/18","元富","86","科技事業"
"2012/04/26","8416","實威國際","李建興","232881000","2012/06/29","2012/07/20","2012/08/06","2012/09/19","元富","50",""
"2012/04/17","3689","湧德電子","陳伯榕","613970690","2012/08/07","2012/08/24","2012/09/04","2012/10/18","元大寶來","50",""
"2012/04/12","2729","瓦城泰統","徐承義","177660000","2012/06/11","2012/06/22","2012/07/04","2012/09/17","群益金鼎","220",""
"2012/03/30","2640","台灣大車隊","林村田","316665000","2012/07/27","2012/08/24","2012/09/04","2012/11/07","群益金鼎","72",""
"2011/12/28","2724","F-富驛","侯尊中","269430000","2012/01/04","2012/01/16","2012/03/08","2012/05/29","第一金","73.5",""
"2011/12/23","3285","微端科技","吳華盛","389203240","2012/02/16","2012/02/24","2012/03/23","2012/07/23","元富","13",""
"2011/12/21","1593","祺驊","徐鉦鑑","225000000","2012/02/13","2012/02/24","2012/03/20","2012/06/13","富邦","27",""
"2011/12/16","5230","雷笛克光學","唐德龍","278516880","2012/03/16","2012/03/23","2012/03/30","2012/06/05","元大","66",""
"2011/12/16","8432","東生華","林榮錦","280000000","2012/02/17","2012/02/24","2012/03/07","2012/04/30","元富","88",""
"2011/11/18","3658","漢民微測科技","許金榮","600000000","2012/02/09","2012/02/24","2012/03/23","2012/05/21","永豐金","208",""
"2011/11/07","8406","F-金可","蔡國洲","800000000","2012/01/03","2012/01/16","2012/02/13","2012/04/27","永豐金","198",""
"2011/10/21","1591","F-駿吉","江文洲","186450000","2011/11/03","2011/11/25","2011/12/06","2012/03/23","第一金","28",""
"2011/10/20","3675","德微科技","張恩傑","333506000","2012/01/05","2012/01/16","2012/02/01","2012/06/29","富邦","20.15",""
"2011/10/17","2719","燦星國際旅行社","莊興","299000000","2011/11/14","2011/11/25","2011/12/05","2012/02/24","元富","21",""
"2011/09/30","3428","光燿科","郭台強","656055930","2012/01/04","2012/01/16","2012/01/20","2012/05/09","福邦","35",""
"2011/09/29","4987","科誠","戴奉義","215875000","2011/12/14","2011/12/23","2011/12/29","2012/03/21","中國信託","33",""
"2011/09/19","4973","廣穎電通","陳慧民","462279780","2011/12/15","2011/12/23","2011/12/29","2012/06/19","台新","28",""
"2011/09/06","3105","穩懋半導體","陳進財","6225720350","2011/10/03","2011/10/21","2011/11/02","2011/12/13","群益金鼎","26",""
"2011/08/31","3646","艾恩特精密工業","陳明仁","351033710","2011/11/16","2011/11/25","2011/12/05","2012/03/27","第一金","24",""
"2011/08/30","4154","F-康樂","陳言福","188000000","2011/09/27","2011/10/21","2011/11/01","2011/12/28","中國信託","38",""
"2011/08/30","8418","F-必勝","林永車","500000000","2011/10/14","2011/10/21","2011/10/28","2011/12/06","大華","46",""
"2011/08/30","8423","F-保綠","陳東興","148950030","2011/09/20","2011/10/21","2011/11/02","2012/03/14","元富","40",""
"2011/08/30","8426","F-紅木","蘇聰明","360000000","2011/09/23","2011/10/21","2011/11/02","2011/12/13","大華","50",""
"2011/08/29","2924","F-東凌","林寶霞","250000000","2011/09/29","2011/10/21","2011/10/28","2011/12/02","大華","62",""
"2011/08/25","1258","F-其祥","王其祥","300000000","2011/10/07","2011/10/21","2011/11/04","2011/12/12","群益金鼎","35",""
"2011/08/25","1259","安心食品","黃茂雄","220000000","2011/10/12","2011/10/21","2011/10/27","2011/12/15","群益金鼎","166",""
"2011/08/11","4995","晶達光電","李英珍","301072000","2011/11/17","2011/11/25","2011/12/05","2012/05/09","永豐金","18.7",""
"2011/07/29","4728","&#21452;美生物科技","王進富","497000000","2011/11/15","2011/11/25","2011/12/07","2012/01/10","元富","21","科技事業"
"2011/07/28","4130","健亞生技","梁榮江","849700000","2011/09/02","2011/09/19","2011/09/27","2012/01/12","元富","13","科技事業"
"2011/07/28","4927","F-泰鼎","王樹木","842492410","2011/08/09","2011/08/19","2011/08/29","2011/10/18","凱基","28",""
"2011/07/28","4994","傳奇網路","張峰旗","153800000","2011/09/28","2011/10/21","2011/10/28","2011/12/13","台新","155",""
"2011/07/19","8171","天宇工業","吳祖榆","365661720","2011/10/13","2011/10/21","2011/11/01","2011/12/19","華南永昌","23.8",""
"2011/07/08","3176","基亞生物科技","張世忠","965407550","2011/09/07","2011/09/19","2011/09/30","2011/11/23","永豐金","23","科技事業"
"2011/06/27","1586","和勤精機","邱東和","394602600","2011/08/11","2011/08/19","2011/08/30","2012/01/09","第一金","18.5",""
"2011/06/24","3555","擎泰科技","熊福嘉","457779000","2011/09/06","2011/09/19","2011/09/30","2011/11/08","永豐金","65",""
"2011/06/24","4950","牧東光電","余人勇","700000000","2011/10/05","2011/10/21","2011/11/08","2012/04/27","宏遠","25",""
"2011/06/22","4739","康普材料科技","何基兆","414999300","2011/08/26","2011/09/19","2011/09/29","2011/12/01","元大","23",""
"2011/06/15","4924","F-欣厚","黃海水","301748510","2011/07/05","2011/07/22","2011/08/11","2011/10/18","大眾","28",""
"2011/06/07","8291","尚茂電子材料","高育仁","670800000","2011/08/09","2011/08/19","2011/08/25","2011/11/29","華南永昌","10",""
"2011/06/03","3379","彬台科技","洪振攀","251045840","2011/08/10","2011/08/19","2011/08/31","2011/10/20","台新","25.5",""
"2011/05/30","2233","宇隆科技","劉松柏","303817840","2011/07/15","2011/07/22","2011/08/08","2011/11/14","台新","63",""
"2011/05/25","4974","亞泰影像科技","賴以仁","466840000","2011/07/14","2011/07/22","2011/08/19","2011/11/29","大華","22.5",""
"2011/05/25","4979","華星光通科技","龔行憲","342197680","2011/07/13","2011/07/22","2011/08/02","2011/12/12","永豐金","20",""
"2011/05/24","3642","駿熠電子","唐建國","310390500","2011/08/05","2011/08/19","2011/08/26","2011/09/29","凱基","29",""
"2011/04/29","1595","川寶科技","張鴻明","336951890","2011/06/08","2011/06/24","2011/07/19","2011/10/04","群益","52",""
"2011/04/29","3662","樂陞科技","許金龍","210000000","2011/05/13","2011/05/20","2011/06/02","2011/08/03","元富","60元",""
"2011/04/29","4947","F-昂寶","陳忠雄","360655750","2011/05/12","2011/05/20","2011/06/21","2011/10/18","群益金鼎","98",""
"2011/04/29","4966","F-譜瑞","趙捷","399410750","2011/05/12","2011/05/20","2011/06/24","2011/09/13","兆豐","130",""
"2011/04/20","3680","家登精密工業","邱銘乾","322000000","2011/05/06","2011/05/20","2011/06/15","2011/08/31","金鼎","35.5",""
"2011/04/15","4735","豪展醫療科技","莊明輝","261200110","2011/06/09","2011/06/24","2011/07/04","2011/08/16","第一金","16",""
"2011/04/06","4939","亞洲電材","李建輝","580790000","2011/06/16","2011/06/24","2011/07/04","2011/09/19","群益","17.1",""
"2011/03/01","4933","友輝光電","吳東昇","439700000","2011/05/03","2011/05/20","2011/06/13","2011/07/29","元富","78",""
"2010/12/31","4946","紅心辣椒娛樂科技","鄧潤澤(Johnny Brothers Holding Limited代表人)","165000000","2011/03/28","2011/04/22","2011/05/13","2011/06/10","元富","110",""
"2010/12/30","4430","耀億工業","王昭仁","399435000","2011/03/09","2011/03/25","2011/04/06","2011/06/09","大華","50",""
"2010/12/15","4944","兆遠科技","洪嘉聰","738282990","2011/03/10","2011/03/25","2011/04/25","2011/05/31","兆豐","60",""
"2010/11/29","4139","F-馬光","黃福祥","135000000","2010/12/16","2010/12/24","2011/01/03","2011/04/29","日盛","58",""
"2010/11/26","3528","安馳科技","李瑞西","375384740","2011/01/28","2011/02/25","2011/03/08","2011/05/18","日盛","36.5",""
"2010/11/24","6506","雙邦實業","張崇棠","537159350","2011/01/25","2011/02/25","2011/03/24","2011/05/03","華南永昌","15.5",""
"2010/11/12","4912","F-聯德","徐啟峰","250000000","2010/12/03","2010/12/24","2011/01/14","2011/04/29","兆豐","36",""
"2010/10/29","4965","商店街市集國際資訊","詹宏志","129400000","2011/01/03","2011/01/21","2011/03/01","2011/04/06","日盛","150",""
"2010/10/27","3363","上詮光纖通信","林松福","532890800","2010/12/01","2010/12/24","2010/12/30","2011/02/25","富邦","35",""
"2010/10/27","4743","合一生技","路孔明","1000000000","2010/12/17","2010/12/24","2011/06/07","2011/09/23","元富","20","科技事業"
"2010/10/07","2718","桃園大飯店","張志誠","199200000","2010/12/15","2010/12/24","2011/01/03","2011/03/29","華南永昌","31.8",""
"2010/09/30","3234","光環科技","劉勝先","732206300","2010/12/13","2010/12/24","2010/12/30","2011/03/24","國泰","23.1",""
"2010/09/30","8410","森田印刷廠","黃樟山","333432000","2010/11/30","2010/12/24","2010/12/31","2011/02/23","凱基","52",""
"2010/09/16","3632","研勤科技","簡良益","142886670","2010/11/08","2010/11/19","2010/11/29","2011/01/11","台新","35",""
"2010/09/16","4911","德英生物科技","郭國華","485000000","2010/11/10","2010/11/19","2010/12/31","2011/03/21","華南永昌","68","科技事業"
"2010/09/16","8403","盛弘醫藥","楊弘仁","381098400","2010/11/30","2010/12/24","2011/01/10","2011/03/01","群益","36",""
"2010/09/03","3131","弘塑科技","張鴻泰","200000000","2010/11/12","2010/11/19","2010/11/30","2011/01/17","群益","62",""
"2010/08/31","4138","曜亞國際","王偉斌","220000000","2010/10/11","2010/10/22","2010/11/11","2010/12/29","元富","93",""
"2010/08/25","4736","泰博科技","陳朝旺","573089080","2010/09/16","2010/09/24","2010/10/11","2010/12/01","凱基","70",""
"2010/08/16","3631","晟楠科技","林朝榮","654353450","2010/10/14","2010/10/22","2010/11/03","2010/12/20","兆豐","50",""
"2010/07/28","3529","力旺電子","徐清祥","624520790","2010/10/07","2010/10/22","2010/12/23","2011/01/24","大華","70",""
"2010/07/28","3687","茂為歐買尬數位科技","林一泓","156000000","2010/10/12","2010/10/22","2010/11/03","2011/01/11","台新","120",""
"2010/07/22","1566","毅金工業","楊潮鈺(佑華投資代表人)","317728700","2010/10/13","2010/10/22","2010/11/05","2011/01/12","第一金","19",""
"2010/07/09","3563","牧德科技","嚴維群","225496350","2010/10/11","2010/10/22","2010/11/12","2011/01/05","永豐金","26",""
"2010/07/08","3691","碩禾電子材料","陳繼仁","306586740","2010/09/13","2010/09/24","2010/10/04","2010/11/18","凱基","500",""
"2010/06/30","3609","東林科技","洪大勝","267323870","2010/10/14","2010/10/22","2010/11/03","2011/01/11","宏遠","28",""
"2010/06/29","3567","逸昌科技","郭嘯華","352520000","2010/08/27","2010/09/24","2010/10/04","2010/11/22","日盛","15",""
"2010/06/29","3685","政翔精密","李昭霈","336858480不含私募","2010/09/01","2010/09/24","2010/10/04","2010/12/08","宏遠","25.5",""
"2010/06/23","3624","光頡科技","韓之華","728468420","2010/08/31","2010/09/24","2010/10/04","2011/03/16","宏遠","40",""
"2010/05/26","8358","金居開發銅箔","陳忠雄","2000000000","2010/07/16","2010/07/23","2010/08/02","2010/09/27","群益","21",""
"2010/05/20","5536","聖暉工程科技","梁進利","351550650","2010/09/02","2010/09/24","2010/10/04","2010/11/10","大華","70",""
"2010/05/11","2061","風青實業","陳福得","337609500","2010/08/25","2010/09/24","2010/10/05","2010/12/09","華南永昌","13.5",""
"2010/04/26","3628","盈正豫順電子","陳友安","406096660","2010/06/17","2010/06/25","2010/07/07","2010/09/09","富邦","185",""
"2010/04/23","4429","聚紡","蔡秋雄","222000000","2010/07/09","2010/07/23","2010/08/02","2010/09/15","大華","40",""
"2010/04/22","3441","聯一光學工業","陳忠政","274637850","2010/07/07","2010/07/23","2010/07/30","2010/10/04","華南永昌","22",""
"2010/03/26","2063","世鎧精密","杜泰源","232500000","2010/06/03","2010/06/25","2010/07/08","2010/09/07","永豐金","33.5",""
"2009/12/22","3664","F-安瑞","沈以峰","540925300","2010/02/10","2010/03/19","2010/05/24","2010/06/24","中國信託","48",""
"2009/12/10","3092","鴻碩精密電工","張利榮","510798750","2010/02/24","2010/03/19","2010/04/12","2010/05/11","凱基(原台証)","23",""
"2009/12/10","3582","凌耀科技","焦佑鈞","269991990","2010/02/11","2010/02/26","2010/03/12","2010/06/29","永豐金","140",""
"2009/11/20","6803","崑鼎投資控股","余俊彥","475000000","2010/02/25","2010/03/19","2010/04/01","2010/05/27","凱基(原台証)","80",""
"2009/10/30","3580","友威科技","李原吉","394406570","2010/01/12","2010/01/22","2010/02/02","2010/07/09","元富","30",""
"2009/10/22","3630","新鉅科技","梁啟泰","634200000","2010/01/25","2010/02/26","2010/03/05","2010/04/26","第一金","35",""
"2009/10/16","3479","安勤科技","劉琍綺","385252350","2010/03/10","2010/03/19","2010/03/26","2010/06/08","凱基(原台証)","33",""
"2009/10/13","3623","富晶通科技","翁明顯","520000000","2009/12/31","2010/01/22","2010/02/06","2010/04/28","大華","35","科技事業"
"2009/09/30","8059","凱碩科技","陳盛偉","838900000","2009/12/16","2009/12/25","2009/12/31","2010/03/16","元富","15",""
"2009/09/21","3629","卓韋光電","陳福龍","231396000","2009/12/29","2010/01/22","2010/02/24","2010/05/27","宏遠","25",""
"2009/09/21","8401","白紗科技印刷","林衍束","306900000","2009/12/11","2009/12/25","2010/01/14","2010/03/29","華南永昌","23",""
"2009/07/27","3537","堡達實業","黃德聰","341000000","2009/10/12","2009/10/23","2009/11/06","2010/01/25","華南永昌","18",""
"2009/07/14","1795","美時化學製藥","林東和","344982400","2009/12/04","2009/12/25","2010/01/06","2010/01/29","國票","22",""
"2009/06/25","3169","亞信電子","陳瑞榮","454779940","2009/09/02","2009/09/25","2009/10/12","2009/11/24","宏遠","31",""
"2009/05/20","3625","西勝國際","黃宗偉","298800000","2009/08/11","2009/08/21","2009/08/28","2009/10/28","兆豐","23",""
"2009/04/27","3541","西柏科技","楊全彬","266155000","2009/09/10","2009/09/25","2009/10/08","2009/12/22","日盛","25",""
"2008/12/30","1752","南光化學製藥","陳立賢","555008480","2009/03/06","2009/03/20","2009/04/08","2009/08/10","日盛","15",""
"2008/11/26","3652","精聯電子","葉國筌","400000000","2009/01/15","2009/01/23","2009/03/02","2009/08/27","台証","32.5",""
"2008/11/17","6024","群益期貨","孫天山","615000000","2008/12/23","2009/01/23","2009/02/23","2009/04/27","統一","27.5",""
"2008/10/21","3587","閎康科技","吳東明","337135050","2009/02/11","2009/02/20","2009/03/19","2009/08/18","富邦","18.8",""
"2008/10/21","8048","德勝科技","林坤銘","360523470","2008/12/11","2008/12/19","2009/01/09","2009/09/08","元富","15",""
"2008/10/15","1788","杏昌生技","黃日華","260000000","2008/12/29","2009/01/23","2009/02/20","2009/07/20","華南永昌","45",""
"2008/07/23","2596","綠意開發","陳秋芳","450000000","2008/10/22","2008/11/21","2008/12/09","2009/06/01","金鼎","13",""
"2008/07/03","2231","為升電裝工業","尤山泉","428599570","2008/09/11","2008/09/19","2008/10/15","2009/03/25","一銀","22.5",""
"2008/06/30","3322","建舜電子製造","黃欽雄","542800000","2008/09/09","2008/09/19","2008/10/06","2009/05/20","元富","12",""
"2008/06/25","1813","寶利徠光學科技","宋一新","339123000","2008/09/16","2008/10/24","2008/11/18","2009/08/04","金鼎","16",""
"2008/06/25","3611","鼎翰科技","王秀亭","231000000","2008/08/28","2008/09/19","2008/10/02","2008/11/26","大華","25",""
"2008/06/23","4733","上緯企業","蔡朝陽","400000000","2008/09/10","2008/09/19","2008/10/13","2009/01/15","台証","38",""
"2008/06/12","8086","宏捷科技","祁幼銘","1000000000","2008/08/12","2008/08/22","2008/09/17","2009/06/01","富邦","10.5","科技事業"
"2008/05/30","3511","矽瑪科技","游素冠","265000000","2008/07/31","2008/08/22","2008/09/15","2009/02/16","群益","27",""
"2008/05/27","3570","大塚資訊科技","鶴見裕信","139550000","2008/08/01","2008/08/22","2008/09/04","2008/10/23","永豐金","25",""
"2008/04/30","3291","遠翔科技","林登財","253824000","2008/07/10","2008/07/25","2008/09/04","2009/02/27","日盛","13",""
"2008/04/30","3615","安可光電","葉垂景","270000000","2008/07/10","2008/07/25","2008/08/15","2009/04/15","台証","19",""
"2008/04/25","3389","志遠電子","劉先平","457375000","2008/06/25","2008/07/25","2008/08/07","2008/10/01","元富","11",""
"2008/04/22","2636","台驊國際","顏益財","431106690","2008/08/27","2008/09/19","2008/10/17","2009/03/31","群益","15",""
"2008/04/22","3577","泓格科技","陳明豐","314000000","2008/07/09","2008/07/25","2008/08/21","2009/01/06","台証","20",""
"2008/04/15","3444","利機企業","張濬暉","236933060","2008/06/11","2008/06/20","2008/06/26","2008/09/26","永豐金","25",""
"2008/04/15","3552","同致電子","陳信忠","360000000","2008/06/30","2008/07/25","2008/08/11","2009/01/07","富邦","20",""
"2008/04/08","1799","紅電醫學科技","陳敏鏞","194115610","2008/06/03","2008/06/20","2008/07/02","2008/11/10","富邦","10.8",""
"2008/04/08","3164","景岳生物科技","陳根德","449053160","2008/06/12","2008/06/20","2008/07/02","2008/09/10","永豐金","16",""
"2008/03/20","3553","力積電子","陳正坤","312722000","2008/05/16","2008/05/23","2008/06/23","2008/10/21","大華","14",""
"2007/12/28","3310","佳穎精密企業","李榮發","301122000","2008/03/05","2008/03/21","2008/04/10","2008/06/27","金鼎","15",""
"2007/11/16","3118","進階生物科技","邱春龍","272704860","2008/01/17","2008/01/25","2008/02/05","2008/05/21","群益","30",""
"2007/10/30","8390","金益鼎企業","莊清旗","366252510","2008/01/16","2008/01/25","2008/02/18","2008/05/21","華南永昌","60",""
"2007/10/16","3556","禾瑞亞科技","盧瑞麟","367283080","2007/12/31","2008/01/25","2008/02/05","2008/04/15","兆豐","57",""
"2007/09/29","3546","宇峻奧汀科技","施文進","202471600","2007/12/07","2007/12/21","2007/12/25","2008/04/18","元富","66",""
"2007/09/29","3548","兆利科技工業","劉光華","409600000","2007/12/12","2007/12/21","2007/12/25","2008/03/27","永豐金","65",""
"2007/09/28","3068","美磊科技","蔡茂禎","650393580","2007/12/12","2007/12/21","2008/03/13","2008/05/02","群益","30",""
"2007/09/19","3152","璟德電子工業","郭純玲","542511400","2007/12/06","2007/12/21","2007/12/25","2008/03/24","金鼎","56",""
"2007/09/03","3434","哲固資訊科技","簡豊連","268800000","2007/10/18","2007/11/23","2007/12/10","2008/01/28","大華","17",""
"2007/08/31","3465","祥業科技","楊福義","177000000","2007/11/09","2007/11/23","2007/12/07","2008/01/28","金鼎","16",""
"2007/08/31","3531","先益電子工業","鄧福順  ","524690110","2007/11/15","2007/11/23","2007/12/07","2008/04/08","永豐金","43",""
"2007/08/22","3562","頂晶科技","傅佩文","250000000","2008/03/26","2008/04/25","2008/05/21","2008/06/17","一銀","68",""
"2007/08/15","3551","世禾科技","陳學聖","291670000","2007/10/03","2007/10/19","2007/10/25","2008/04/15","兆豐","56",""
"2007/07/31","3540","曜越科技","林培熙","345000000","2007/10/12","2007/10/19","2007/11/02","2007/12/12","永豐金","72",""
"2007/07/30","1580","新麥企業","謝順和","271100000","2007/09/26","2007/10/19","2007/10/29","2007/12/10","台証","33",""
"2007/07/25","3491","昇達科技","陳淑敏","170602000","2007/10/04","2007/10/19","2007/11/07","2008/01/03","元富","68",""
"2007/07/19","3373","熱映光電","馮竹健","121480000","2007/09/13","2007/09/21","2007/10/06","2007/12/13","富邦","32",""
"2007/07/16","3332","幸康電子","周禮復","339600000","2007/10/11","2007/10/19","2007/10/30","2008/01/24","華南永昌","36",""
"2007/07/10","1558","伸興工業","林志誠","368115590","2007/08/28","2007/09/21","2007/10/11","2007/12/28","永豐金","25",""
"2007/06/29","1584","精剛精密科技","陳興時","329275000","2007/08/23","2007/09/21","2007/10/09","2007/11/28","大華","43",""
"2007/06/25","8289","泰藝電子","宋勝泰","608406740","2008/01/14","2008/01/25","2008/03/04","2008/04/24","群益","20",""
"2007/06/15","3523","迎輝科技","唐世杰 ","610000000","2007/08/15","2007/08/24","2007/09/19","2007/11/16","台証","132",""
"2007/05/31","3287","廣寰科技","王忠斌","318758400","2007/09/27","2007/10/19","2007/10/30","2008/01/28","永豐金","12.5",""
"2007/05/31","3484","崧騰企業","張俊雲","255160000","2007/08/17","2007/08/24","2007/09/19","2007/11/09","元大京華","32",""
"2007/05/25","3526","凡甲科技","陳祖林","280000000","2007/08/02","2007/08/24","2007/09/14","2007/11/02","兆豐","66",""
"2007/05/16","3527","聚積科技","楊立昌","196517780","2007/07/25","2007/08/24","2007/09/14","2007/10/29","元大京華","180",""
"2007/05/15","6023","寶來曼氏期貨","賀鳴珩","801864000","2007/07/16","2007/08/24","2007/09/12","2007/11/28","統一","40",""
"2007/04/30","3073","普格科技","王格琮","259000000","2007/07/13","2007/07/20","2007/08/10","2007/10/08","兆豐","35",""
"2007/04/30","3259","鑫創科技","林俊宏","475370000","2007/07/09","2007/07/20","2007/08/07","2007/12/24","元富","25",""
"2007/04/27","3508","位速科技","陳國和","266907690","2007/07/03","2007/07/20","2007/08/07","2007/10/17","元大京華","78",""
"2007/04/27","3516","亞帝歐光電","廖書尉","604800000","2007/07/02","2007/07/20","2007/08/10","2007/11/29","台証","38",""
"2007/04/27","3520","振維電子","張鴻昌","399127540","2007/07/02","2007/07/20","2007/08/10","2007/10/12","富邦","26",""
"2007/04/26","3522","宏森光電科技","陳介甫","310000000","2007/06/29","2007/07/20","2007/08/10","2007/10/15","永豐金","38",""
"2007/04/24","3490","單井工業","王祥亨","222390000","2007/06/12","2007/06/22","2007/07/16","2007/10/15","永豐金","40",""
"2007/04/09","3489","筌寶電子"," 郭國卿 ","283100000","2007/06/27","2007/07/20","2007/08/02","2007/09/29","元富","45",""
"2007/03/29","3416","融程電訊","李益仁","204834200","2007/07/10","2007/07/20","2007/08/15","2007/09/27","群益","88",""
"2007/03/29","3521","鴻翊國際","顧垚","272165000","2007/06/12","2007/06/22","2007/07/06","2007/08/07","群益","75",""
"2006/12/29","3323","加百裕工業","黃世明","527126300","2007/03/22","2007/04/20","2007/05/07","2007/06/25","永豐金","45",""
"2006/12/18","2221","大甲永和機械工業","黃士&#23791;","383040000","2007/03/19","2007/04/20","2007/05/11","2007/08/01","華南永昌","22",""
"2006/11/28","3317","尼克森微電子","楊惠強","359500000","2007/02/05","2007/02/13","2007/03/01","2007/08/09","華南永昌","100",""
"2006/11/22","1784","訊聯生物科技","蔡政憲","247500000","2007/04/04","2007/04/20","2007/05/30","2007/07/26","華南永昌","","科技事業"
"2006/11/17","3512","能緹精密工業","魏文珍","284200000","2007/05/07","2007/05/25","2007/06/05","2007/07/25","中信","36",""
"2006/11/16","8040","九暘電子","羅瑞祥","589008740","2007/01/31","2007/02/13","2007/03/02","2007/04/30","永豐金","38",""
"2006/10/31","3294","英濟","徐文麟","846468520","2007/02/01","2007/02/13","2007/03/03","2007/04/27","元富","50",""
"2006/10/31","3303","岱稜科技","蔡國龍","481973690","2007/01/29","2007/02/13","2007/03/02","2007/05/28","永豐金","38",""
"2006/10/31","3498","陽程科技","黃秋逢","398680000","2007/05/15","2007/05/25","2007/08/07","2007/09/11","富邦","70",""
"2006/10/17","8234","新漢電腦","林茂昌 ","442450000","2007/01/18","2007/02/13","2007/03/03","2007/06/07","台証","32",""
"2006/10/03","3206","志豐電子","許宗評 ","302200000","2006/12/15","2006/12/22","2007/01/05","","永豐金","28",""
"2006/07/27","1582","信錦企業","陳秋郎 ","250000000","2006/09/28","2006/10/27","2006/11/17","2007/01/11","富邦","128",""
"2006/07/19","1807","羅馬磁磚(管理股票)","黃瓘傑","1354794620","","","","","台証","0.5",""
"2006/06/29","3483","力致科技","饒振奇","142934000","2006/09/06","2006/09/22","2006/10/14","2006/12/18","永豐金證券","55",""
"2006/06/15","2326","亞瑟科技(管理股票)","吳光訓","42443","","","","2006/06/26","太平洋證券股份有限公司","",""
"2006/06/15","5501","金腦科技(管理股票)","鄭慶章","","","","","2006/06/26","國票綜合證券","0.7",""
"2006/05/26","3402","漢科系統科技","溫永宏","240998000","2006/08/11","2006/08/25","2006/09/12","2007/01/09","金鼎證券","26.5",""
"2006/04/26","3499","環天衛星科技","陳賢哲","160000000","2006/06/28","2006/07/21","2006/08/10","","元大京華","66",""
"2006/04/19","8024","佑華微電子","林振興","492450000","2006/06/22","2006/07/21","2006/07/28","2006/09/25","群益證券","15",""
"2006/04/07","4426","利勤實業","洪文耀","436800000","2006/06/14","2006/06/23","2006/07/10","2006/11/10","台証綜合證券","11",""
"2006/03/31","2114","鑫永銓","林季進","330000000","2006/05/30","2006/06/23","2006/07/06","2006/09/28","元大京華證券","35",""
"2006/03/23","8110","華東科技","焦佑衡","4433615000","2006/05/23","2006/06/23","2006/07/13","2006/08/23","富邦證券","14",""
"2006/03/14","3230","錦明實業","蔡進財","625000000","2006/05/24","2006/06/23","2006/07/11","2006/09/25","大華證券","42",""
"2005/11/28","3128","昇銳電子","江添貴","300000000","2006/02/23","2006/03/24","2006/04/13","2006/09/04","華南永昌證券","18",""
"2005/11/28","9962","有益鋼鐵","林欣穎","394680000","2006/02/24","2006/03/24","2006/04/27","2006/07/10","華南永昌證券","10.5",""
"2005/11/21","3339","泰谷光電科技","劉騰隆","608385000","2006/02/23","2006/03/24","2006/04/14","2006/06/27","華南永昌","23",""
"2005/10/31","3360","尚立","簡剛民","337500000","2006/01/19","2006/02/24","2006/03/14","2006/06/06","金鼎證券","18",""
"2005/10/31","3454","晶睿通訊","陳文昌","279375000","2006/02/15","2006/02/24","2006/03/17","2006/07/25","倍利國際","58",""
"2005/10/31","3466","致振企業","吳振乾","451033290","2006/02/16","2006/02/24","2006/03/14","2006/05/17","永豐金證券","90",""
"2005/10/31","8064","東捷科技","林榮俊","815246920","2006/02/08","2006/02/24","2006/03/28","2006/09/25","金鼎綜合證券","73",""
"2005/10/12","3438","台灣類比科技","師立仁","204000000","2006/02/16","2006/02/24","2006/03/08","2006/07/19","台証證券","195",""
"2005/09/29","8255","朋程科技","盧明光","389011870","2005/12/23","2006/01/20","2006/02/27","2006/04/25","富邦證券","80",""
"2005/09/23","3293","鈊象電子","李柯柱","365621410","2006/01/05","2006/01/20","2006/05/24","2006/07/12","富邦證券","120",""
"2005/09/14","3452","益通光能","吳世章","221580000","2005/12/05","2005/12/16","2005/12/30","2006/03/08","華南永昌證券","218",""
"2005/09/06","3431","長天科技","徐彰徽","171860000","2006/01/13","2006/02/24","2006/03/31","2006/07/19","永豐金證券","35",""
"2005/08/31","3227","原相科技","曹興誠","639157520","2005/12/07","2005/12/16","2006/03/06","2006/05/04","兆豐證券","90",""
"2005/08/30","3419","譁裕實業","林祺生","323600000","2006/01/16","2006/02/24","2006/03/24","2006/05/12","台証證券","33",""
"2005/07/29","2035","唐榮鐵工廠","劉憲同","3500000000","2005/12/26","2006/01/20","2006/02/22","2006/07/07","金鼎證券","13.52",""
"2005/07/29","8182","加高電子","楊瑞祥","713577850","2005/12/06","2005/12/16","2006/01/17","2006/05/25","兆豐證券","23",""
"2005/07/05","2628","正利航業","周宜強","1423000000","2005/11/11","2005/12/16","2005/12/29","2006/02/23","金鼎證券","21",""
"2005/06/29","2921","特力和樂","何湯雄","300000000","2005/11/04","2005/11/18","2005/12/13","2006/01/19","群益證券","38",""
"2005/06/29","3221","台灣嘉碩科技","黃鈺同","409000000","2005/10/31","2005/11/18","2005/12/16","2006/02/22","大華證券","38",""
"2005/06/29","3390","旭軟電子科技","林於晃","184000000","2005/12/07","2005/12/16","2005/12/29","2006/02/22","大華證券","31",""
"2005/06/29","8996","高力熱處理工業","韓顯壽","319000000","2005/12/09","2006/01/20","2006/02/23","2006/06/30","倍利國際","13",""
"2005/06/22","8349","友信國際","洪臥波","361634000","2005/11/11","2005/12/16","2005/12/30","2006/03/10","統一證券","15",""
"2005/06/15","6298","崴強科技","郭台強","1000000000","2005/11/01","2005/11/18","2005/12/29","2006/03/15","兆豐證券","42",""
"2005/05/25","4128","中天生物科技","路孔明","650000000","2006/02/06","2006/02/24","2006/03/14","2006/06/09","兆豐證券","12","科技事業"
"2005/05/20","3388","崇越電通","王純健","373280000","2005/10/18","2005/11/18","2005/12/07","2006/02/22","台証證券","72",""
"2005/04/28","3080","威力盟電子","陳炫彬","113397000","2005/09/21","2005/10/21","2005/11/03","2005/12/28","群益證券","63",""
"2005/04/27","3372","台灣典範半導體","鄧希哲","1374212000","2005/09/13","2005/10/21","2002/11/02","2005/12/16","建華證券","12.5",""
"2005/04/19","3369","鐵研科技","楊惠民","356104450","2005/10/04","2005/10/21","2005/11/03","2006/03/06","台証綜合證券","13",""
"2005/04/18","3313","斐成企業","鍾明道","419265000","2006/02/20","2006/03/24","2006/04/10","2006/05/29","中信證券","101",""
"2005/03/31","1815","富喬工業","張平沼","1730000000","2005/10/05","2005/10/21","2005/11/17","2006/01/23","中信證券","20",""
"2005/03/28","3376","新日興","呂敏文","495760000","2005/09/20","2005/10/21","2005/11/10","2005/12/26","台証綜合證券","83",""
"2005/03/16","3354","律勝科技","黃堂傑","421528000","2005/08/30","2005/09/16","2005/09/23","2005/12/08","華南永昌證券","68",""
"2005/03/10","8107","大億科技","吳俊億","820000000","2005/08/04","2005/08/19","2005/08/31","2005/11/15","台証綜合證券 ","20",""
"2004/12/31","6022","大眾綜合證券","陳田稻","2014750000","2005/04/08","2005/05/20","2005/06/16","2005/09/26","倍利國際證券","10",""
"2004/11/26","3312","弘憶國際","葉佳紋","386463400","2005/04/08","2005/05/20","2005/06/01","2005/11/07","金鼎綜合證券","16",""
"2004/11/11","3362","先進光電科技","賴文玉","249500000","2005/04/25","2005/05/20","2005/06/02","2005/09/06","元富證券","22",""
"2004/10/29","3202","樺晟電子","林昆成","478000000","2005/03/24","2005/04/15","2005/05/03","2005/07/26","台証證券","19",""
"2004/10/29","3305","昇貿科技","李三蓮","400000000","2005/02/24","2005/03/18","2005/04/13","2005/06/30","元富證券","30",""
"2004/10/26","1569","濱川企業","蕭欽銘","340000000","2005/03/25","2005/04/15","2005/05/04","2005/07/29","富邦綜合證券","28",""
"2004/10/20","8240","華宏新技","張瑞欽","463770000","2005/03/31","2005/04/15","2005/05/03","2005/06/23","台証綜合證券","77",""
"2004/10/18","8114","振樺電子","陳茂松","354832500","2005/03/24","2005/04/15","2005/05/02","2005/07/20","台証綜合證券","62.5",""
"2004/09/27","1570","力肯實業","溫萬福","301350000","2005/02/24","2005/03/18","2005/04/11","2005/06/30","元富證券","53",""
"2004/09/27","2059","川湖科技","林聰吉","387600000","2005/01/17","2005/01/24","2005/02/14","2005/04/28","大華證券","106",""
"2004/09/17","3299","帛漢","林昌亮","369698720","2005/01/21","2005/02/21","2005/03/08","2005/07/29","一銀證券","14",""
"2004/09/10","3205","天騵生化科技","邱連春","350000000","2005/03/31","2005/04/15","2005/05/03","2005/09/12","台証綜合證券","15","科技事業"
"2004/09/02","3297","杭特電子","鄭子釗","226400000","2005/01/21","2005/02/21","2005/03/11","2005/06/07","統一綜合證券","41",""
"2004/08/31","3324","雙鴻科技","林育申","272724000","2004/12/21","2005/01/24","2005/02/01","2005/05/13","台証綜合證券","72",""
"2004/08/31","3306","鼎天國際","黃杉榕","396000000","2004/12/06","2004/12/27","2005/01/10","2005/07/05","建華證券","24","科技事業"
"2004/08/30","3325","旭品科技","李礽輝","393368400","2005/03/24","2005/05/20","2005/06/01","2005/08/15","富邦綜合證券","32",""
"2004/08/30","8210","勤誠興業","陳鳳明","540400450","2005/01/17","2005/01/24","2005/01/28","2005/04/28","富邦綜合證券","17",""
"2004/08/16","2916","滿心企業","李俊良","329280000","2004/12/06","2004/12/27","2005/01/04","2005/03/10","華南永昌證券","21",""
"2004/08/10","1787","福盈科技化學","莊才晉","265200000","2004/12/21","2005/01/24","2005/02/15","2005/04/22","復華綜合證券","26",""
"2004/07/29","1777","生泰合成工業","范進財","194250000","2005/03/17","2005/04/15","2005/05/03","2005/10/19","寶來證券","19",""
"2004/07/29","3093","台灣港建","王忠桐","243512500","2004/10/29","2004/11/29","2004/12/17","2005/06/17","建華證券","62",""
"2004/07/29","3229","晟鈦","黃進榮","366000000","2004/12/02","2004/12/27","2005/01/20","2005/04/12","復華綜合證券","23",""
"2004/07/29","3284","太普高精密影像","陳啟昱","271680000","2004/11/22","2004/11/29","2004/12/08","2005/03/22","建華證券","20",""
"2004/07/29","3298","圓創科技","陳慧玲","16000000","2004/12/02","2004/12/27","2005/01/18","2005/07/05","元富證券","45",""
"2004/07/29","4127","天良生物","紀敏忠","300000000","2005/03/17","2005/04/15","2005/04/28","2005/07/29","復華綜合證券","21",""
"2004/07/28","9946","金革科技","陳建育","200000000","2004/11/22","2004/11/29","2004/12/13","2005/03/22","倍利國際證券","13.6",""
"2004/07/23","3290","東浦精密光電","陳榮樹","552800000","2004/11/18","2004/11/29","2004/12/06","2005/05/19","建華證券","20",""
"2004/07/22","1785","光洋應用","陳李賀","380655000","2004/10/15","2004/10/28","2004/11/05","2005/01/31","中信證券","45",""
"2004/07/19","3296","勝德國際研發","周義雄","500000000","2004/10/29","2004/11/29","2004/12/08","2005/03/16","富邦綜合證券","55",""
"2004/07/13","3162","精確實業","徐永誠","193000000","2005/03/25","2005/04/15","2005/05/02","2005/10/03","華南永昌證券","14",""
"2004/07/01","8121","越?電子材料","吳亦圭","636000000","2004/10/15","2004/10/28","2004/11/16","2005/02/17","元大京華證券","15",""
"2004/06/30","3115","寶島極光","盧元裕","160000000","2004/09/10","2004/09/27","2004/10/08","2005/04/08","寶來證券","13",""
"2004/06/29","8183","台灣精星科技","葉培城","1055580680","2004/10/15","2004/10/28","2004/11/24","2005/03/30","建華證券","10.5",""
"2004/06/28","6290","良維科技","謝光齡","600000000","2004/12/06","2004/12/27","2005/01/05","2005/06/03","富邦綜合證券","20",""
"2004/06/28","8109","博大科技","廖本崇","280960000","2004/11/18","2004/11/29","2004/12/13","2005/03/22","大華證券","15.4",""
"2004/06/28","8287","英格爾科技","蔡成達","235000000","2004/09/10","2004/09/27","2004/10/07","2005/01/03","富邦綜合證券","31.4",""
"2004/06/25","3268","海德威電子工業","黃?芳","147100000","2004/08/19","2004/09/27","2004/10/28","2005/01/27","復華綜合證券","27",""
"2004/06/25","8033","雷虎科技","賴春霖","574606260","2004/08/19","2004/08/30","2004/09/09","2005/01/19","大華證券","20",""
"2004/06/24","3288","點晶科技","金際遠","150000000","2004/11/18","2004/11/29","2004/12/06","2005/04/15","建華證券","45",""
"2004/06/23","3191","和進電子","陳進來","330165000","2004/11/22","2004/11/29","2004/12/07","2005/04/12","富邦綜合證券","18",""
"2004/06/21","3088","艾訊","劉克振","419666480","2005/01/17","2005/01/24","2005/02/01","2005/04/28","中信證券","30",""
"2004/06/11","3264","欣銓科技","盧志遠","2586340000","2004/09/02","2004/09/27","2004/10/21","2005/01/05","大華證券","16",""
"2004/05/25","3228","金麗科技","陳有諒","300000000","2004/08/17","2004/08/30","2004/09/09","2005/03/02","建華證券","19",""
"2004/05/21","1333","恩得利工業","林有義","346000000","2005/03/25","2005/04/15","2005/05/04","2005/08/08","建華證券","32",""
"2004/04/30","3276","宇環科技","楊崇誠","335419840","2004/07/01","2004/07/26","2004/08/05","2005/01/12","台証證券","35",""
"2004/04/30","8044","網路家庭","詹宏志","500000000","2004/08/13","2004/08/30","2004/09/15","2005/01/24","台証證券","26.37",""
"2004/04/29","3095","及成企業","張正寬","973800000","2004/12/02","2004/12/27","2005/02/03","2005/05/26","倍利國際證券","36",""
"2004/04/29","3265","台曜電子","翁志立","2240000000","2004/12/21","2005/01/24","2005/02/17","2005/08/02","倍利國際證券","12.8",""
"2004/04/28","3078","僑威科技","潘君威","880797270","2004/08/13","2004/08/30","2004/11/24","2005/01/31","日盛證券","23",""
"2004/04/09","8053","巨擘科技","祁　甡","3828838620","2004/06/15","2004/06/28","2004/07/20","2005/01/20","元大京華證券","50",""
