"申請日期","股票代號","公司名稱","董事長","申請時股本","上櫃審議委員會審議日期","櫃買董事會通過上櫃日期","櫃買同意上櫃契約日期或證期局核准上櫃契約日期","股票上櫃買賣日期","主辦承銷商","承銷價","備註"
"申請日期","股票代號","公司名稱","董事長","申請時股本","上櫃審議委員會審議日期","櫃買董事會通過上櫃日期","櫃買同意上櫃契約日期或證期局核准上櫃契約日期","股票上櫃買賣日期","主辦承銷商","承銷價","備註"
"20241224","1623","大東電","林志明","600000","","","","","國泰","",""
"20241216","6944","兆聯實業","林國清","676985","","","","","富邦","",""
"20241126","6909","創控","王禮鵬","610840","","","","","國泰","",""
"20241101","6918","愛派司","李泗銘","304710","","","","","統一","","科技事業"
"20241030","7749","意騰-KY","顏志展","400907","20241206","20241217","20241224","","元大","","科技事業"
"20241025","7631","聚賢研發","曾國強","168000","20241203","20241217","","","宏遠","","創新板"
"20241009","7736","虎山","陳映志","687500","20241118","20241126","20241205","","元大","",""
"20240925","6931","青松健康","陳謀","600522","20241113","20241126","20241204","","福邦","",""
"20240918","7732","金興精密","施春景","600000","20241029","20241126","20241205","","福邦","",""
"20240905","2248","華勝-KY","陳鏗勝","420000","20241016","20241126","20241129","","國票","",""
"20240821","6887","寶綠特-KY","歐晢文","651995","20241001","20241022","20241030","","台新","",""
"20240726","7722","LINEPAY","丁雄注","600000","20241011","20241022","20241023","20241205","凱基","508.00",""
"20240726","6885","全福生技","林?","1157540","20240911","20240924","20241008","20241216","元富","32.31","科技事業"
"20240726","6955","邦睿生技-創","徐振騰","170860","20240910","20240924","20241016","20241206","第一金","108.00","創新板"
"20240705","6965","中傑-KY","劉安哲","1400000","20240815","20240827","20240910","","中信","",""
"20240627","2646","星宇航空","張國煒","25387350","20240807","20240827","20240904","20241025","第一金","20.00",""
"20240627","6924","榮惠-KY創","劉世璘","197500","20240808","20240827","20240909","20241203","中信","70.00","創新板"
"20240625","6994","富威電力","胡惠森","600000","20241014","20241022","20241030","","福邦","",""
"20240625","7705","三商餐飲","陳翔玢","604193","20240801","20240827","20240903","20241126","國泰","70.88",""
"20240620","8045","達運光電","陳碧霜","815208","20240731","20240827","20240904","20241211","華南永昌","68.80",""
"20240513","6862","三集瑞-KY","林伙利","440000","20240703","20240716","20240723","20241023","永豐金","135.00",""
"20240502","6923","中台","鄭光傑","826244","20240612","20240716","20240723","20240925","元大","80.00",""
"20240430","6919","康霈*","徐坴暉","697194","20240607","20240618","20240703","20241002","元大","433.80","科技事業"
"20240423","6988","威力暘-創","劉一郎","460000","20240604","20240618","20240625","20241023","兆豐","25.00","創新板"
"20240329","6838","台新藥","程正禹","1341421","20240605","20240618","20240624","20240813","凱基","36.00","科技事業"
"20240329","6962","ITH-KY","梁公偉","4523966","20240515","20240716","20240731","20241126","永豐金","39.65",""
"20231228","6958","日盛台駿","簡志明","3511931","20240516","20240618","20240703","20240820","台新","30.00",""
"20231228","6969","成信實業*-創","陳鵬","473707","20240222","20240321","20240403","20240909","富邦","32.00","創新板，採無面額發行"
"20231227","6952","大武山","林鳳春","607500","20240221","20240321","20240328","20240613","台新","57.13",""
"20231221","6936","永鴻生技","李芳裕","662890","20240925","20241022","20241112","","富邦","",""
"20231221","6890","來億-KY","鐘德禮","2200000","20240201","20240227","20240307","20240612","富邦","85.00",""
"20231218","1563","巧新","黃聰榮","2142551","20240124","20240227","20240306","20240513","凱基","70.00",""
"20231215","6928","攸泰科技","簡民智","750000","20240124","20240220","20240229","20240516","福邦","65.00",""
"20231215","6951","青新-創","張芳正","400000","20240123","20240220","20240229","20240618","第一金","45.00","創新板"
"20231215","3150","鈺寶-創","羅森洲","418980","20240126","20240227","20240307","20240627","福邦","33.50","創新板"
"20231212","6423","億而得-創","黃文謙","268100","20240118","20240220","20240226","20240515","兆豐","75.00","創新板"
"20231128","6794","向榮生技-創","蔡意文","554595","20240115","20240125","20240201","20240521","宏遠","58.00","創新板"
"20231124","6771","平和環保-創","吳明陽","291795","20240112","20240125","20240130","20240517","福邦","55.00","創新板"
"20231120","4949","有成精密","陳思銘","607050","20231229","20240125","20240131","20240509","福邦","24.00",""
"20231031","6949","沛爾生醫-創","林成龍","462305","20231212","20231226","20231229","20240308","凱基","98.00","創新板"
"20231031","6957","裕慶-KY","廖昭宜","486909","20231225","20240125","20240130","20240625","中信","138.00",""
"20231027","8487","愛爾達-創","陳怡君","250350","20231206","20231219","20231225","20240326","宏遠","50.00","創新板"
"20231027","6446","藥華藥","詹青柳","3398939","","20231219","20231225","20240125","永豐金","","科技事業，櫃轉市"
"20231027","8162","微矽電子-創","張秉堂","646600","20231208","20231226","20231229","20240307","兆豐","35.00","創新板"
"20231020","3168","眾福科","黃漢州","693996","20231201","20231226","20231227","20240326","福邦","50.00",""
"20231019","4771","望隼","黃修權","524547","20231122","20231219","20231225","20240318","凱基","180.00","科技事業"
"20231017","4736","泰博","陳朝旺","953745","","20231121","20231128","20231222","凱基","","櫃轉市"
"20231006","6472","保瑞","盛保熙","1008309","","20231121","20231124","20231219","台新","","櫃轉市"
"20230928","4588","玖鼎電力","陳展鵠","389180","20231108","20231121","20231128","20240129","富邦","45.88","科技事業"
"20230915","6914","阜爾運通","楊文杰","602320","20231110","20231121","20231128","20240503","中國信託","132.00",""
"20230828","2762","世界健身-KY","柯約翰","1000000","20231004","20231017","20231024","20240124","永豐金","132.00",""
"20230731","6906","現觀科","邱大剛","305424","20230905","20230926","20231003","20240115","台新","118.00","科技事業"
"20230731","6916","華凌","廖育斌","600000","20230907","20230926","20231003","20231205","元大","24.00",""
"20230728","8476","台境","郭人豪","814835","","20230926","20230928","20231031","凱基","","櫃轉市"
"20230728","6937","天虹","黃見駱","606773","20230906","20230926","20231004","20231212","元大","115.00",""
"20230630","5292","華懋","鄭石治","308000","20230811","20230822","20230901","20231121","群益金鼎","68.00","科技事業"
"20230609","6645","金萬林-創","吳品聰","403000","20230901","20230926","20230928","20231221","華南永昌","30.00","創新板"
"20230602","6933","AMAX-KY","倪小菁","361758","20230712","20230718","20230725","20231108","中信","96.00",""
"20230531","2258","鴻華先進-創","劉揚偉","15913140","20230707","20230718","20230811","20231120","福邦","50.00","創新板"
"20230522","2254","巨鎧精密-創","吳柏樺","603557","20230630","20230718","20230725","20231020","福邦","68.68","創新板"
"20230428","6742","澤米","何昆年","600497","20230606","20230620","20230629","20231205","中國信託","48.00",""
"20230426","6658","聯策","林文彬","300280","20230719","20230822","20230829","20231102","元富","28.00","科技事業"
"20230327","6805","富世達","黃祖模","604539","20230505","20230526","20230601","20231109","台新","200.00",""
"20230327","6901","鑽石投資","路孔明","6350000","20230503","20230620","20230629","20230919","華南永昌","40.00",""
"20221230","2432","倚天酷��-創","高樹國","600000","20230417","20230425","20230427","20230531","台新","26.00","創新板"
"20221229","6902","走著瞧-創","鄭勝丰","308988","20230314","20230328","20230407","20230713","元大","215.00","創新板"
"20221228","6534","正瀚-創","吳正邦","970830","20231003","20231017","20231023","20231221","富邦","60.00","創新板"
"20221227","6526","達發","謝清江","1455057","20230418","20230425","20230504","20231019","凱基","434.84",""
"20221221","6757","台灣虎航-創","陳漢銘","4000000","20230208","20230221","20230303","20230815","台新","42.60","創新板"
"20221220","6657","華安","邱壬乙","668450","20230207","20230221","20230303","20230612","中國信託","42.12","科技事業"
"20221121","4569","六方科-KY","盧經緯","275000","20230411","20230425","20230428","20230731","宏遠","66.00",""
"20221115","6869","雲豹能源-創","賴勁麟","1127091","20221221","20221227","20221228","20230314","元富","96.00","創新板"
"20221031","6873","泓德能源-創","謝源一","850000","20221212","20221227","20221228","20230306","永豐金","110.00","創新板"
"20221020","6863","永道-KY","何奕達","660600","20221130","20221227","20221228","20230321","凱基","83.58",""
"20220930","6606","建德工業","李金旆","976238","20221116","20221227","20221228","20230324","元富","19.00",""
"20220927","6753","龍德造船","黃守真","980000","20221102","20221115","20221122","20230310","兆豐","30.00",""
"20220921","2645","長榮航太","黃南宏","3528070","20221122","20221227","20221228","20230314","凱基","68.00",""
"20220725","6861","睿生光電","楊柱祥","349845","20220902","20221227","20221228","20230327","元大","70.00","科技事業"
"20220725","3447","展達","呂進宗","695466","20220901","20220920","20220922","20221215","元大","26.00",""
"20220721","6782","視陽","李重儀","547267","20220830","20220920","20220929","20221128","元大","168.00","科技事業"
"20220705","3652","精聯","葉佳紋","750975","","20220823","20220826","20220921","凱基","","櫃轉市"
"20220630","6835","圓裕","張志中","601723","20220810","20220823","20220831","20221110","台新","35.41",""
"20220630","6695","芯鼎","羅森洲","852735","20220808","20220823","20220831","20221104","兆豐","36.15","科技事業"
"20220504","6689","伊雲谷","林啟雄","600000","20220613","20220621","20220628","20220913","台新","112.00",""
"20220419","6830","汎銓","柳紀綸","412772","20220530","20220621","20220627","20220831","台新","100.00","科技事業"
"20220407","6834","天二科技","廖震益","798271","20220518","20220621","20220628","20220901","台新","26.95",""
"20220225","6854","錼創科技-KY創","李允立","1008736","20220406","20220426","20220504","20220818","元大","105.00","創新板第一上市"
"20211229","6789","采鈺","關欣","2932771","20220308","20220322","20220324","20220630","元大","290.00",""
"20211228","6757","台灣虎航","陳漢銘","4000000","","","","","台新","","111-12-21調整申請創新板"
"20211227","6550","北極星藥業-KY","陳鴻文","4117701","20220304","20220322","20220325","20220606","國泰","82.00","科技事業"
"20211208","6796","晉弘","鄭竹明","300062","20220112","20220222","20220225","20220601","中國信託","46.00","科技事業"
"20211125","6585","鼎基","林勳臺","615480","20220104","20220118","20220121","20220520","第一金","60.79",""
"20211122","6799","來頡","陳燦榮","367291","20211228","20220118","20220121","20220512","元大","139.00","科技事業"
"20211029","8438","昶昕","陳國金","628990","20211208","20211221","20211227","20220311","中國信託","40.00",""
"20211028","5306","桂盟","吳盈進","1260000","","20211221","20211223","20220308","元大","","櫃轉市"
"20211006","6807","峰源-KY","蔡文達","450000","20211208","20211221","20211227","20220425","永豐金","40.00",""
"20210929","5244","弘凱","黃建中","603941","20211108","20211116","20211117","20220119","宏遠","41.00",""
"20210927","4583","台灣精銳","張重興","729284","20211105","20211116","20211119","20220509","兆豐","200.00",""
"20210914","6719","力智","許先越","707054","20211025","20211116","20211117","20220113","福邦","589.00",""
"20210823","3592","瑞鼎","黃裕國","669368","20210929","20211019","20211021","20220107","凱基","308.00",""
"20210813","6691","洋基工程","賴有忠","603611","20210917","20210928","20211006","20220103","富邦","180.00",""
"20210803","4770","上品","侯嘉生","693050","20210913","20210928","20211006","20211222","元大","166.00",""
"20210730","6770","力積電","黃崇仁","34051962","20210916","20210928","20211005","20211206","元大","49.88","科技事業"
"20210729","6792","詠業","蘇開建","437753","20210908","20210928","20211001","20211208","群益金鼎","98.00","科技事業"
"20210705","4440","宜新實業","邱倉沛","600480","20210813","20210824","20210831","20211025","福邦","38.00",""
"20210630","6806","森崴能源","郭台強","1300000","20210810","20210824","20210831","20211115","福邦","104.40",""
"20210607","5222","全訊","張全生","602918","20210803","20210824","20210831","20211025","台新","104.49",""
"20210429","6790","永豐實","何奕達","2449060","20210603","20210615","20210622","20210929","元大","52.00",""
"20210428","1752","南光","陳立賢","1009885","","20210615","20210616","20220119","日盛","","櫃轉市"
"20210428","2753","八方雲集","林欣怡","600448","20210607","20210615","20210622","20210909","國泰","155.00",""
"20210412","2945","三商家購","陳翔玢","600000","20210521","20210615","20210622","20211130","元大","69.00",""
"20201230","3092","鴻碩","張利榮","805278","","20210223","20210225","20210513","第一金","","櫃轉市"
"20201230","6426","統新","李英坤","385090","","20210223","20210225","20210324","台新","","櫃轉市，科技事業"
"20201225","2250","IKKA-KY","胡湘麒","220000","20210202","20210223","20210226","20210531","康和","76.00",""
"20201030","6438","迅得","官錦?","603000","","20201215","20201216","20210119","台新","","櫃轉市"
"20201027","6768","志強-KY","陳維家","1742606","20201204","20201215","20201218","20210422","元大","49.00",""
"20201023","6776","展�眥篕�","陳俊聖","737484","20201202","20201215","20201218","20210331","永豐金","25.00",""
"20201021","6781","AES-KY","宋福祥","637508","20201126","20201215","20201218","20210322","凱基","168.00",""
"20200929","6515","穎崴","王嘉煌","305530","20201105","20201117","20201123","20210120","凱基","348.00","科技事業"
"20200923","1597","直得","陳麗芬","811875","","20201117","20201118","20201223","永豐金","","櫃轉市"
"20200828","2211","長榮鋼","林耿立","3994260","20201008","20201020","20201027","20210412","凱基","41.00",""
"20200828","6743","安普新","黃常青","1048000","20201008","20201020","20201028","20201214","中國信託","100.00",""
"20200805","6756","威鋒電子","陳文琦","600000","20200914","20201020","20201023","20201224","凱基","168.00",""
"20200731","3138","耀登","張玉斌","406957","20200908","20200915","20200917","20201211","國票","46.00","科技事業"
"20200624","1342","八貫","劉宗熹","619654","20200804","20200825","20200831","20201124","富邦","55.00",""
"20200429","2241","艾姆勒","林啟聖","748123","20200604","20200616","20200623","20200826","元大","50.00",""
"20200424","6754","匯僑設計","王秀卿","600000","20200603","20200616","20200620","20200825","凱基","45.00",""
"20191224","6598","ABC-KY","李家榮","722889","20200313","20200324","20200401","20200609","永豐金","48.00","科技事業"
"20191125","2247","汎德永業","唐慕蓮","717407","20200102","20200114","20200117","20201012","群益金鼎","180.00",""
"20191120","3543","州巧","李樹裔","794361","20191231","20200114","20200117","20200415","福邦","15.00",""
"20191014","5546","永固-KY","簡國釧","646750","20191231","20200114","20200117","20200520","康和","58.50",""
"20191001","6592","和潤企業","田天明","3746104","20191017","20191029","20191030","20191209","台新","53.00",""
"20190925","6706","惠特","徐秋田","606529","20191022","20191029","20191031","20191219","凱基","56.00",""
"20190925","4581","光隆精密-KY","呂皇甫","300000","20191031","20191119","20191122","20200309","日盛","35.00",""
"20190830","1795","美時製藥","Robert Wessman","2431139","","20191029","20191031","20191216","凱基","","櫃轉市"
"20190716","4439","冠星-KY","林錦茂","280000","20190821","20190827","20190902","20191205","元大","158.00",""
"20190711","6715","嘉基","朱德祥","510000","20190821","20190827","20190830","20191212","中國信託","70.80","科技事業"
"20190628","2233","宇隆","劉俊昌","602881","","20190827","20190829","20190917","台新","","櫃轉市"
"20190625","6698","旭暉應材","趙勤孝","603438","20190802","20190827","20190902","20191125","兆豐","68.00",""
"20190531","6491","晶碩","童子賢","600000","20190705","20190716","20190722","20191007","元大","152.00",""
"20190430","4571","鈞興-KY","高國興","420000","20190606","20190618","20190624","20190917","永豐金","70.00",""
"20190430","4576","大銀微系統","卓永財","1064082","20190606","20190618","20190621","20190904","元大","56.00",""
"20190417","4572","駐龍","王昆生","300000","20190527","20190618","20190625","20190910","台新","140.00","科技事業"
"20181228","3563","牧德","汪光夏","426082","","20190226","20190227","20190402","元富","","櫃轉市，科技事業"
"20181130","8462","柏文","陳尚義","611636","","20190115","20190119","20190315","永豐金","","櫃轉市"
"20181109","5283","禾聯碩","蔡金土","667994","20190118","20190226","20190227","20190524","元富","91.00",""
"20181029","6672","騰輝電子-KY","勞開陸","646143","20181204","20181218","20181219","20190417","元大","60.06",""
"20181016","4564","元翎","王德鑫","1556480","20181126","20181218","20181221","20190307","福邦","25.00",""
"20181004","8104","錸寶科技","葉垂景","601101","20181113","20181120","20181121","20190117","福邦","60.00",""
"20180910","4967","十銓","夏澹寧","601575","20181017","20181120","20181121","20190114","群益金鼎","22.00",""
"20180823","6668","中揚光","鄭成田","600415","20181003","20181016","20181018","20181212","元大","58.00",""
"20180731","6669","緯穎","林憲銘","1264655","20181210","20181218","20181222","20190327","元大","248.00",""
"20180727","6558","興能高","邢雪坤","762093","20180831","20180918","20180919","20181205","富邦","18.00",""
"20180720","6670","復盛應用","李亮箴","1184300","20180830","20180918","20180919","20181218","富邦","120.00",""
"20180718","4766","南寶","吳政賢","1086208","20180827","20180918","20180919","20181128","富邦","76.80",""
"20180718","6674","鋐寶科技","翁宗斌","604897","20180824","20180918","20180919","20181128","凱基","30.84",""
"20180704","4961","天鈺","林永杰","1414968","20180810","20180828","20180829","20181017","福邦","33.00",""
"20180629","6655","科定","曹憲章","603900","20180809","20180828","20180829","20181128","中國信託","60.32",""
"20180627","1341","富林-KY","王源林","403000","20180803","20180828","20180904","20181224","中國信託","28.80",""
"20180625","6671","三能-KY","張瑞榮","540000","20180803","20180828","20180905","20181211","兆豐","41.48",""
"20180430","6666","羅麗芬-KY","羅麗芬","330000","20180604","20180828","20180905","20181119","永豐金","105.00",""
"20180426","4540","全球傳動","李清崑","852780","20180530","20180619","20180621","20180815","第一金證","94.80",""
"20180426","5876","上海商銀","榮鴻慶","40791031","20180530","20180619","20180621","20181019","華南永昌","32.28",""
"20180416","8367","建新國際","陳銀海","734499","20180531","20180619","20180621","20180912","凱基","20.08",""
"20180411","6641","基士德-KY","謝宏炅","300000","20180601","20180619","20180626","20180921","永豐金","75.00",""
"20180330","8482","商億-KY","謝智通","1000000","20180523","20180619","20180626","20180815","凱基","115.00",""
"20171228","8028","昇陽半","楊敏聰","1168280","20180222","20180424","20180426","20180710","福邦","24.60",""
"20171228","3530","晶相光","何新平","679809","20180504","20180515","20180517","20180716","永豐金","101.00",""
"20171227","4989","榮科","王守仁","1400000","20180213","20180327","20180329","20180628","元大","24.80",""
"20171130","6416","瑞祺電通","朱復銓","600306","20180123","20180227","20180302","20180416","國泰證","101.00",""
"20171005","4566","時碩工業","黃亞興","600000","20171130","20171219","20171220","20180205","凱基","60.00",""
"20170930","6625","必應","周佑洋","308005","20171122","20171219","20171220","20180207","台新","65.00","文創事業"
"20170927","2630","亞洲航空","盧天麟","1078296","20171121","20171219","20171220","20180222","台新","22.00",""
"20170926","1587","吉茂","劉彥狄","600419","20171120","20171219","20171220","20180416","宏遠","18.91",""
"20170904","6288","聯嘉光電","黃昉鈺","1521130","20171228","20180116","20180118","20180509","台新","18.00",""
"20170828","6591","動力-KY","許文昉","210680","20171012","20171024","20171027","20171228","康和","60.00",""
"20170823","2939","凱羿-KY","蔡謀燦","459977","20171016","20171024","20171027","20180111","永豐金","156.00",""
"20170823","1760","寶齡富錦","張立秋","681390","20171109","20171121","20171123","20180123","凱基","52.00",""
"20170731","8497","聯廣","余湘","300428","20170918","20171121","20171123","20180323","國泰證","46.00","文創事業"
"20170728","6581","鋼聯","林明儒","999449","20171020","20171121","20171123","20180130","康和","86.00",""
"20170727","4764","雙鍵","王棟海","615144","20170920","20171024","20171026","20180104","永豐金","48.00",""
"20170726","8478","東哥遊艇","闕慶承","840173","20170919","20171024","20171025","20171211","凱基","72.80",""
"20170720","6024","群益期","孫天山","1603978","","20170919","20170920","20171016","統一","","櫃轉市"
"20170622","8499","鼎炫-KY","傅青炫","460000","20170816","20170822","20170831","20171124","凱基","96.00",""
"20170615","4739","康普材料","何基丞","757254","","20170822","20170823","20170908","福邦","","櫃轉市"
"20170421","6579","研揚科技","莊永順","960000","20170614","20170620","20170623","20170821","元大","88.00",""
"20170407","4562","穎漢科技","胡炳南","600400","20170605","20170620","20170622","20170821","台新","40.00",""
"20170329","4155","訊映","賴家德","655962","20170522","20170718","20170721","20171205","富邦","22.00",""
"20170329","2243","宏旭-KY","林維源","369770","20170519","20170620","20170627","20170927","富邦","33.00",""
"20170329","6573","虹揚-KY","方丁玉","558530","20170515","20170620","20170622","20170926","康和","33.60",""
"20161230","6582","申豐","邱秀瑩","943451","20170221","20170328","20170329","20170614","凱基","68.00",""
"20161228","4560","強信-KY","綦秉信","580000","20170306","20170328","20170410","20170526","富邦","34.50",""
"20161215","4807","日成-KY","帕查拉蓬 拍奔順通","339200","20170207","20170221","20170223","20170626","永豐金","66.00",""
"20161130","6541","泰福-KY","陳志全","1928875","20170426","20170516","20170519","20171026","元富","72.00","科技事業"
"20161111","5284","jpp-KY","王文山","385393","","20170117","20170120","20170309","元大","","櫃轉市"
"20160929","2636","台驊投控","顏益財","1183347","","20161122","20161124","20161222","康和","","櫃轉市"
"20160919","2897","王道銀行","駱錦明","23905063","20161104","20161122","20161128","20170505","元富","7.00","原名臺灣工業銀行股份有限公司"
"20160906","8481","政伸","洪招儀","608669","20161101","20161122","20161128","20170224","第一金","38.00",""
"20160819","8480","泰昇-KY","戴朝榮","308830","20161004","20161018","20161021","20170117","兆豐","107.00",""
"20160728","4148","全宇生技-KY","彭士豪","565000","20161213","20170117","20170120","20170608","永豐金","55.00",""
"20160728","3346","麗清","劉美秀","601840","20160920","20161018","20161019","20161219","元大","30.00",""
"20160727","5258","虹堡","辛華熙","624780","20160913","20161018","20161026","20161230","台新","39.45",""
"20160713","8488","吉源-KY","林漢清","600000","20160901","20160920","20160930","20161213","凱基","42.00",""
"20160630","6533","晶心科","蔡明介","360305","20161208","20161220","20161221","20170314","宏遠","65.10","科技事業"
"20160630","2748","雲品","盛治仁","600100","20160824","20160920","20160922","20161123","國泰","50.00",""
"20160613","8466","美&#21894;-KY","陳本源","587190","20160804","20160816","20160824","20161101","凱基","82.80",""
"20160531","2633","台灣高鐵","劉維琪","56052930","20160722","20160816","20160818","20161027","富邦","15.13",""
"20160531","4438","廣越","楊文賢","922339","20160725","20160816","20160818","20161018","凱基","156.00",""
"20160429","1598","岱宇","林英俊","820142","20160617","20160719","20160721","20160920","國泰","46.50",""
"20160426","8442","威宏-KY","洪永裕","439177","20160620","20160719","20160726","20161108","康和","45.00",""
"20160330","4943","康控-KY","呂朝勝","794434","20160523","20160621","20160627","20161111","中國信託","58.80",""
"20160330","8473","山林水","郭淑珍","1191873","20160524","20160621","20160622","20160908","兆豐","54.20",""
"20160225","3528","安馳","李瑞西","615911","","20160426","20160427","20160518","群益金鼎","","櫃轉市"
"20151230","2739","寒舍","賴英里","1008000","20160222","20160315","20160316","20160519","富邦","50.44",""
"20151224","6531","愛普","謝再居","624052","20160217","20160223","20160226","20160531","永豐金","92.30",""
"20151216","2936","客思達-KY","高黎莎","665556","20160318","20160426","20160506","20160926","中國信託","33.90",""
"20151215","6477","安集","黃國棟","736800","20160401","20160426","20160428","20160621","國泰","18.80",""
"20151204","1776","展宇","劉漢瀛","613760","20160128","20160223","20160226","20160509","兆豐","23.00",""
"20151123","1256","鮮活果汁-KY","黃國晃","271656","","20160126","20160129","20160317","第一金","","櫃轉市"
"20151008","6525","捷敏-KY","鄭祝良","941027","20151126","20151215","20151221","20160412","元大","48.00",""
"20151007","2239","英利-KY","林啟彬","1000000","20151126","20151215","20151217","20160127","永豐金","147.00",""
"20150930","2069","運錩","顏德和","1100000","20151123","20151215","20151217","20160322","台新","17.50",""
"20150908","4545","銘鈺","方光義","678810","20151102","20151117","20151119","20160106","富邦","88.00",""
"20150828","8464","億豐","粘耿豪","2604622","20151020","20151027","20151029","20151222","富邦","149.00",""
"20150722","3321","同泰","曾子章","800000","20150911","20151027","20151029","20151215","宏遠","30.00",""
"20150615","6464","台數科","簡森垣","1115000","20150921","20151027","20151029","20151216","台新","130.00",""
"20150612","4927","泰鼎-KY","王樹木","1225156","","20150818","20150821","20150908","凱基","","櫃轉市"
"20150515","4968","立積","馬代駿","439156","20150824","20150915","20150918","20151113","中國信託綜合","44.00","科技事業"
"20150430","8467","波力-KY","洪芳蘭","462000","20150625","20150721","20150730","20151215","永豐金","81.00",""
"20150430","4551","智伸科","林恩道","750000","20150604","20150623","20150624","20150810","永豐金","63.00",""
"20150429","4763","材料-KY","王克璋","410000","20150811","20150818","20150820","20151109","福邦","72.00",""
"20150427","4552","力達-KY","吳建能","900000","20160510","20160517","20160524","20160720","凱基","96.00",""
"20150427","4557","永新-KY","紀經得","310000","20150617","20150721","20150723","20151012","兆豐","78.00",""
"20150424","4720","德淵","林啟琛","753821","","20150526","20150527","20150624","日盛","","櫃轉市"
"20150420","4555","氣立","游平政","608000","20150630","20150721","20150723","20151027","富邦","70.00",""
"20150409","6443","元晶","廖國榮","3153150","20150521","20150623","20150624","20151001","第一金","13.50","科技事業"
"20150331","3413","京鼎","劉應光","600000","20150511","20150526","20150604","20150728","福邦","60.00",""
"20150330","8463","潤泰材","李志宏","1341158","20150504","20150526","20150528","20150713","元大寶來","38.00",""
"20150303","6442","光聖","CHEN, STEVE","600000","20150410","20150421","20150423","20150714","台新","45.60",""
"20141223","4912","聯德控股-KY","徐啟峰","332021","","20150212","20150302","20150521","富蘭德林","","櫃轉市"
"20141204","4190","佐登-KY","陳正雄","515907","20150812","20150818","20150820","20151021","永豐金","72.00",""
"20141119","6456","GIS-KY","莊宏仁","2860410","20141231","20150120","20150129","20150612","福邦","98.00",""
"20141029","2236","百達-KY","吳美德","300670","20141219","20150120","20150128","20150603","中國信託","39.00",""
"20141028","6452","康友-KY","黃文烈","550000","20141217","20141223","20150113","20150325","群益金鼎","188.00",""
"20141016","3416","融程電","李益仁","610664","","20141118","20141119","20150123","大眾","","櫃轉市"
"20141007","8341","日友","張芳正","1000000","20141118","20141223","20141224","20150323","第一金","45.00",""
"20140925","1558","伸興","林志誠","605526","","20141118","20141119","20141223","永豐金","","櫃轉市"
"20140905","8222","寶一","曾煥明","618499","20141016","20141021","20141022","20150127","台新","15.50",""
"20140905","6451","訊芯-KY","徐文一","909468","20141030","20141118","20141121","20150126","福邦","110.00",""
"20140905","6449","鈺邦","鄭敦仁","662901","20141014","20141021","20141022","20141209","福邦","32.00",""
"20140829","8454","富邦媒","林福星","1278585","20141008","20141021","20141022","20141219","永豐金","230.00",""
"20140730","6422","君耀-KY","龐君勉","308000","20140919","20141021","20141023","20141227","兆豐","60.00",""
"20140630","3266","昇陽","麥寬成","3523143","","20141118","20141119","20141224","元富","","櫃轉市"
"20140627","6431","光麗-KY","張亦雲","395568","20140820","20140916","20140919","20141204","兆豐","35.00",""
"20140606","3661","世芯-KY","關建英","541133","20140729","20140819","20140828","20141028","宏遠","86.00",""
"20140429","1592","英瑞-KY","翁文鍾","892333","20140623","20140715","20140718","20141016","永豐金","38.00",""
"20140425","8443","阿瘦","羅榮岳","605243","20140605","20140617","20140619","20140915","凱基","40.00",""
"20140411","5288","豐祥-KY","游明輝","568742","20140610","20140617","20140620","20140925","康和","58.00",""
"20140407","2634","漢翔","劉介岑","9082614","20140512","20140520","20140522","20140825","富邦","16.84",""
"20140225","3437","榮創","莊宏仁","1300000","20140407","20140415","20140416","20140709","福邦","72.00",""
"20131202","1568","倉佑","鄧惠哲","916315","20140123","20140218","20140219","20140514","台新綜合","22.60",""
"20131127","8150","南茂","鄭世杰","8428553","20140128","20140218","20140220","20140411","元大寶來","26.50",""
"20131127","5519","隆大","陳武聰","1500000","","20140121","20140122","20140210","永豐金","","櫃轉市"
"20131031","5285","界霖","蔡上元","609000","20131210","20131217","20131218","20140225","日盛","30.00",""
"20131031","8996","高力","韓顯壽","773888","","20131217","20131218","20140214","兆豐","","櫃轉市"
"20131023","6409","旭隼","謝卓明","616400","20131203","20131217","20131219","20140331","元大寶來","146.00",""
"20130930","4994","傳奇","張峰旗","705960","","20131129","20131203","20131225","台新綜合","","櫃轉市"
"20130830","1262","綠悅-KY","王哲夫","1200000","20131106","20131129","20131204","20140116","凱基","126.00",""
"20130830","1783","和康生","徐立德","622940","20131008","20131022","20131024","20131220","第一金","35.00","科技事業"
"20130829","3338","泰碩","余清松","620000","20131009","20131022","20131024","20131213","群益","20.00",""
"20130812","2642","宅配通","邱純枝","860000","20130918","20131022","20131024","20131212","凱基","42.00",""
"20130731","6415","矽力-KY","陳偉","550598","20130924","20131022","20131023","20131212","元大寶來","140.00",""
"20130731","4916","事欣科","廖文嘉","603540","20130904","20130923","20130925","20131121","中國信託綜合","42.00",""
"20130730","6414","樺漢","樓朝宗","604503","20131218","20140121","20140128","20140328","福邦","128.00",""
"20130730","2712","遠雄來","洪賢德","950000","20130906","20130923","20130925","20131203","元富","22.00",""
"20130723","6405","悅城","黃睿豪","601750","20130830","20130923","20130924","20131128","宏遠","55.00",""
"20130717","5538","東明-KY","蔡清東","1500000","20130911","20130923","20130924","20131216","凱基","22.00",""
"20130712","4755","三福化","巫信弘","800000","20130826","20130923","20130924","20131127","第一金","29.00",""
"20130709","2115","六暉-KY","吳金鹿","601000","20130830","20130923","20130924","20131225","永豐金","23.80",""
"20130705","2929","淘帝-KY","周訓財","450000","20131001","20131022","20131023","20131230","群益金鼎","118.00",""
"20130705","6412","群電","許崑泰","3257969","20130815","20130827","20130828","20131108","元大寶來","41.60",""
"20130704","2228","劍麟","黃正怡","650330","20130813","20130827","20130828","20131125","元大寶來","73.00",""
"20130628","1340","勝悅-KY","莊國清","722449","20130926","20131022","20131023","20140114","永豐金","136.00",""
"20130628","1817","凱撒衛","蕭俊祥","645000","20130807","20130827","20130828","20131024","中國信託綜合","27.00",""
"20130628","3167","大量","王作京","615505","20130808","20130827","20130828","20131021","群益金鼎","30.00",""
"20130628","9946","三發地產","鍾俊榮","2029697","","20130827","20130828","20130917","永豐金","","櫃轉市"
"20130610","5259","奕智博","吳煥松","647471","20130718","20130827","20130828","20131203","華南永昌","16.50",""
"20130604","2731","雄獅","王文傑","610500","20130708","20130716","20130718","20130924","富邦","73.00",""
"20130531","5243","乙盛-KY","戴正吳","1528273","20130726","20130827","20130829","20131125","康和","36.00",""
"20130530","4977","眾達-KY","陳靖仁","418053","20130802","20130827","20130830","20131120","永豐金","70.00",""
"20130523","6177","達麗","謝志長","1342766","","20130716","20130718","20130801","永豐金","","櫃轉市"
"20130430","1786","科妍","韓開程","400000","20130605","20130618","20130620","20131112","統一","83.00","科技事業"
"20130430","5280","F-敦泰","胡正大","463715","20130730","20130827","20130828","20131108","中國信託","250.00",""
"20130422","4536","拓凱","沈文振","819000","20130529","20130618","20130620","20131009","永豐金","132.00",""
"20130412","4137","麗豐-KY","陳碧華","668000","20130914","20130923","20130924","20131127","富邦","168.00",""
"20130326","3682","亞太電","邱純枝","32840000","20130502","20130528","20130603","20130805","元富證券","12.30",""
"20121224","4999","鑫禾","蘇丁鴻","611516","20130201","20130226","20130227","20130603","兆豐","63.80",""
"20121219","6504","南六","黃清山","645000","20130130","20130226","20130227","20130507","台新綜合","51.00",""
"20121026","3583","辛耘","謝宏亮","741230","20121128","20121211","20121213","20130312","國泰","36.00",""
"20121005","1626","艾美特-KY","鄭立平","1102442","20121128","20121211","20121213","20130321","台新","62.00",""
"20121005","5264","鎧勝-KY","童子賢","3157000","20121126","20121211","20121213","20130125","大華","90.00",""
"20120920","5521","工信","陳煌銘","3475274","","20121120","20121126","20121218","元富","","櫃轉市"
"20120905","2867","三商壽","劉中興","13278644","20121012","20121023","20121025","20121218","台新綜合證券","15.80",""
"20120831","8114","振樺電","陳茂松","628213","","20121023","20121025","20121126","群益金鼎","","櫃轉市"
"20120731","1338","廣華-KY","余澤民","630000","20120921","20120925","20121008","20121219","兆豐","80.00",""
"20120716","5269","祥碩","沈振來","474860","20120824","20121023","20121025","20121212","元大寶來證券","62.00","科技事業"
"20120628","8429","金麗-KY","莊春龍","1075275","20120822","20120925","20121005","20121220","國泰","70.00",""
"20120627","4164","承業醫","李沛霖","1081036","20120807","20120821","20120824","20121024","元大寶來證券","78.00",""
"20120607","4722","國精化","蔡有涼","732468","","20120717","20120719","20120815","華南永昌","","櫃轉市"
"20120426","4976","佳凌","李源泉","905550","20120606","20120619","20120621","20121120","元大寶來證券","43.00",""
"20120423","4915","致伸","梁立省","4010798","20120601","20120619","20120622","20121005","元大寶來證券","23.00",""
"20120420","9802","鈺齊-KY","林文智","951675","20120613","20120619","20120625","20121018","元大寶來","25.00",""
"20120329","5225","東科-KY","劉政林","540000","20120523","20120619","20120625","20121105","寶來","60.00",""
"20120307","5234","達興材料","林正一","802335","20120416","20120515","20120521","20120716","大華","30.00",""
"20111212","1339","昭輝","林詩芸","602669","20120203","20120221","20120305","20120424","統一","29.50",""
"20111031","1589","永冠-KY","張賢銘","800000","20111216","20111227","20120106","20120427","群益金鼎","53.00",""
"20111031","2727","王品","戴勝益","615845","20111209","20111227","20120103","20120306","永豐金證券","340.00",""
"20111014","5907","大洋-KY","顏思文","1820000","20111206","20111227","20120116","20120606","元大","120.00",""
"20111014","4426","利勤","洪文耀","614396","","20111115","20111123","20111216","台新","","櫃轉市"
"20110928","4142","國光生","詹啟賢","1642649","20111104","20111115","20111124","20120503","第一金證券","38.00","科技事業"
"20110916","4141","龍燈-KY","羅昌庚","1060560","20111108","20111115","20111123","20120425","富邦","85.00",""
"20110906","6183","關貿","何鴻榮","1500000","","20111018","20111026","20111201","元富證券","","櫃轉市"
"20110906","8210","勤誠","陳美琪","1155057","","20111018","20111026","20111201","富邦綜合證券","","櫃轉市"
"20110825","4958","臻鼎-KY","沈慶芳","6464000","20111006","20111018","20111031","20111226","群益金鼎","52.00",""
"20110818","5706","鳳凰","張金明","614565","","20110920","20110926","20111021","中信銀證","","櫃轉市"
"20110815","2722","夏都","陳溪圳","697550","20111206","20111227","20120102","20120314","統一","30.20",""
"20110810","3599","旺能","梁榮昌","2500889","20110914","20111018","20111117","20120509","凱基","14.70","科技事業"
"20110722","5215","科嘉-KY","林志峰","420000","20110927","20111018","20111110","20111226","日盛","39.80",""
"20110719","5871","中租-KY","辜仲立","7553004","20110906","20110920","20111006","20111213","群益金鼎","25.00",""
"20110630","6702","興航","林明昇","4806976","20110809","20110816","20110826","20111101","群益","18.00",""
"20110627","5007","三星","柯吉源","2199569","","20110816","20110824","20110916","群益","","櫃轉市"
"20110531","8411","福貞-KY","李榮福","600000","20110705","20110726","20110805","20111101","永豐金","70.00",""
"20110527","3149","正達","鍾志明","2112031","20110704","20110726","20110801","20111123","富邦","60.00",""
"20110525","8427","基勝-KY","劉宗信","800000","20110705","20110726","20110812","20111206","兆豐","76.00",""
"20110524","4956","光鋐","洪水樹","902932","20110704","20110726","20110805","20111024","富邦","30.10",""
"20110524","1789","神隆","鄭高輝","6100000","20110701","20110726","20110810","20110929","富邦","46.00",""
"20110506","3679","新至陞","陳標福","739643","20110616","20110621","20110629","20111005","元大","55.00",""
"20110504","8422","可寧衛","楊慶祥","984536","20110615","20110621","20110701","20111005","台新","170.00",""
"20110429","4960","奇美材","廖錦祥","4196500","20110610","20110621","20110630","20111024","兆豐","15.70",""
"20110429","3669","圓展","郭重松","828990","20110609","20110621","20110630","20110825","永豐","43.00",""
"20110429","3454","晶睿","陳文昌","629860","","20110621","20110701","20110722","福邦","","櫃轉市"
"20110427","3645","達邁","鄧維楨","995376","20110608","20110621","20110713","20111005","群益","35.00",""
"20110427","4984","科納-KY","袁海驥","328253","20110607","20110621","20110719","20110831","中國信託","110.00",""
"20110427","1337","再生-KY","丁金造","1236000","20110603","20110621","20110718","20110817","元大","95.00",""
"20110418","4144","康聯-KY","威廉凱樂","622220","20110628","20110726","20110815","20111005","凱基","87.00",""
"20110412","2923","鼎固-KY","張洪本","16813620","20120711","20120717","20120731","20121207","富邦","20.00",""
"20110412","4952","凌通","黃洲杰","971182","20110721","20110816","20110826","20111101","富邦","22.00",""
"20110304","4935","茂林-KY","李滿祥","1227048","20110504","20110517","20110613","20110728","凱基","50.00",""
"20110217","4942","嘉彰","宋貴修","1317601","20110328","20110419","20110428","20110627","兆豐","52.00",""
"20101108","4733","上緯","蔡朝陽","654848","","20101214","20101223","20101230","群益證券","","櫃轉市"
"20101105","6214","精誠","黃宗仁","2665493","","20101214","20101223","20101230","大華","","櫃轉市"
"20101101","3312","弘憶股","葉佳紋","871576","","20101214","20101223","20101229","日盛證券","","櫃轉市"
"20101029","8199","廣鎵","陳澤澎","4783674","20110429","20110517","20110524","20110908","群益證券","12.15",""
"20101029","3665","貿聯-KY","梁華哲","576277","20101208","20101228","20110114","20110421","富邦","56.00",""
"20101025","5906","台南-KY","楊青 &#23791;","573049","20110503","20110517","20110608","20111024","群益","24.00",""
"20101025","3257","虹冠電","劉大光","358400","20101206","20101228","20110106","20110321","富邦綜合證券","45.00",""
"20101020","8011","台通","李慶煌","627000","20110608","20110621","20110704","20110919","日盛證券","30.50",""
"20101020","4746","台耀","李重和","609320","20101130","20101214","20101223","20110301","元大證券","78.00",""
"20101013","4934","太極","謝清福","1007500","20110530","20110621","20110629","20110816","凱基證券","21.50",""
"20101006","2114","鑫永銓","林季進","602024","","20101116","20101208","20101229","台新綜合證券","","櫃轉市"
"20100928","3698","隆達","蘇&#23791;正","3704910","20110530","20110621","20110713","20110929","凱基證券","17.00",""
"20100928","3598","奕力","黃啟模","519652","20101105","20101116","20101129","20110111","凱基證券","64.00",""
"20100917","3432","台端","林樂堯","600000","20101029","20101116","20101130","20101230","富邦綜合證券","25.00",""
"20100907","2231","為升","尤山泉","600000","","20101019","20101104","20101119","第一金證券","","櫃轉市"
"20100825","8404","百和興業-KY","鄭國&#28895;","1764229","20101005","20101228","20110304","20110518","兆豐","32.00",""
"20100823","4737","華廣","黃椿木","362356","20101001","20101019","20101119","20101223","富邦","95.00","科技事業"
"20100820","3697","F-晨星","梁公偉","4563862","20100930","20101019","20101109","20101224","群益","300.00",""
"20100810","1590","亞德客-KY","王世忠","1330000","20100917","20101019","20101111","20101213","元大","88.00",""
"20100721","8215","明基材","游克用","2865300","20100831","20100921","20101001","20101112","大華證券","23.00","科技事業(原達信科技)"
"20100720","1762","中化生","王勳聖","702000","20100826","20100921","20101004","20101220","富邦綜合證券","55.00",""
"20100720","2637","慧洋-KY","藍俊昇","2500000","20100827","20100921","20101020","20101201","元富","38.00",""
"20100629","2723","美食-KY","吳政學","1137500","20100806","20100817","20100908","20101122","元大","168.00",""
"20100628","3694","海華","徐世昌","902735","20101007","20101019","20110208","20110503","元大證券","35.00",""
"20100614","8271","宇瞻","呂理達","1095598","20101012","20101116","20101124","20101229","元富證券(股)公司","21.00",""
"20100609","6230","超眾","吳宗","863434","","20100720","20100730","20100916","台新綜合證券","","櫃轉市"
"20100601","4938","和碩","童子賢","22860639","","20100604","20100610","20100624","元大證券(股)公司","36.00",""
"20100527","4919","新唐","焦佑鈞","2000700","","20100817","20100830","20100927","凱基","50.00",""
"20100521","6278","台表科","伍開雲","1987765","","20100720","20100729","20100824","兆豐證券","","櫃轉市"
"20100430","3591","艾笛森","吳建榮","668100","20100603","20100615","20100625","20101112","永豐金證券股份有限公司","108.00",""
"20100422","3673","TPK-KY","江朝瑞","1800000","20100601","20100615","20100705","20101029","元大","220.00",""
"20100420","3584","介面","葉裕洲","748660","20100531","20100615","20100629","20100727","中國信託綜合證券","57.00",""
"20100415","3550","聯穎","何鈞銜","780800","20100830","20100921","20101006","20101110","兆豐","29.00",""
"20100414","3686","達能","趙元山","1410000","20100525","20100604","20100611","20100720","群益證券","50.00",""
"20100322","4930","燦星網","簡德榮","1926000","","20100420","20100430","20100621","群益證券","28.00",""
"20091130","3164","景岳","陳根德","492963","","20091229","20100106","20100322","永豐金","","櫃轉市"
"20091106","3229","晟鈦","江炳桔","604637","","20091215","20091221","20091231","日盛","","櫃轉市"
"20091105","2597","潤弘","賴士勳","1200000","20091204","20091215","20091225","20100326","群益","45.00",""
"20091022","6243","迅杰","翁佳祥","745558","","20091117","20091126","20091217","富邦","","櫃轉市"
"20090929","3579","尚志","林蔚山","850240","20091104","20091117","20091126","20091223","日盛","48.00",""
"20090928","8213","志超","徐正民","1662508","20091103","20091117","20091126","20091225","凱基","32.00",""
"20090922","8039","台虹","孫達汶","1635312","","20091117","20091125","20091217","富邦","","櫃轉市"
"20090921","1582","信錦","陳秋郎","1353755","","20091117","20091123","20091217","兆豐","","櫃轉市"
"20090918","6152","百一","許錦輝","1379213","","20091020","20091029","20091208","永豐金","","櫃轉市"
"20090917","3617","碩天","郭瑾","716500","20091106","20091117","20091125","20091223","富邦","84.00",""
"20090828","3638","F-IML","Yong Eue Park","600005","20091223","20100316","20100422","20100518","元大","143.00",""
"20090828","8261","富鼎","鄧富吉","1329857","","20091020","20091029","20091211","元富","","櫃轉市"
"20090827","4133","亞諾法","黃清洋","541579","20091028","20091117","20091125","20091228","大華","68.00",""
"20090723","3653","健策","趙宗信","626055","20090901","20090915","20090924","20091118","富邦","80.00",""
"20090629","3607","谷崧","洪煥青","1020000","20090806","20090817","20090828","20091028","兆豐","60.00",""
"20090629","6224","聚鼎","張忠本","720448","","20090817","20090827","20090917","永豐金","","櫃轉市"
"20090626","8103","瀚荃","楊超群","600461","","20090817","20090903","20090929","群益","","櫃轉市"
"20090428","3573","穎台","黃建豐","752500","20090602","20090616","20090709","20090826","永豐金","86.00",""
"20090410","3588","通嘉","黃彥群","313315","20090515","20090616","20090630","20090814","台証","88.00",""
"20090227","3614","誠致","方新舟","315237","20090408","20090415","20090507","20090618","永豐金","66.00",""
"20090226","8940","新天地","歐敏輝","614771","","20090415","20090422","20090515","日盛","","櫃轉市"
"20081110","8081","致新","謝南強","825940","","20081216","20081222","20081230","台証","","櫃轉市"
"20081031","1773","勝一","孫靜源","1203000","20081201","20081216","20081226","20090227","永豐金","16.00",""
"20081009","6108","競國","曹月霞","1359635","","20081117","20081126","20081230","中國信託","","櫃轉市"
"20080930","3622","洋華","林德錚","1057000","20081205","20081216","20090105","20090325","群益","87.00",""
"20080926","8374","羅昇","楊蔚萌","602450","","20081117","20081124","20081225","群益","","櫃轉市"
"20080922","3605","宏致","袁万丁","705213","20081103","20081117","20081127","20090326","元大","32.00",""
"20080917","2049","上銀","卓永財","2013447","20081023","20081117","20081128","20090626","元大","24.00",""
"20080828","3209","全科","王木聰","611310","","20081021","20081029","20081126","凱基","","櫃轉市"
"20080820","2038","海光","黃滄海","1380000","20080930","20081021","20081031","20081230","兆豐","12.50",""
"20080731","6226","光鼎","馬景鵬","719565","","20080916","20080926","20081110","台灣工銀","","櫃轉市"
"20080730","2208","台船","鄭文隆","6661327","20080903","20080916","20081013","20081222","富邦","13.41",""
"20080725","6251","定穎","曾茂昌","2151940","20080902","20080916","20081001","20090318","群益","10.00",""
"20080703","6164","華興","劉守雄","1043526","","20080916","20080923","20081021","永豐金","","櫃轉市"
"20080630","3561","昇陽光電","劉康信","900000","20080806","20080819","20080829","20081205","永豐金","18.00",""
"20080625","3596","智易","陳瑞聰","881514","20080805","20080819","20080829","20090311","元大","32.30",""
"20080613","3576","新日光","林坤禧","1185850","20080723","20080916","20081002","20090112","元大","20.00",""
"20080530","3593","力銘","鄭嘉正","891800","20080710","20080819","20080829","20090316","群益","12.00",""
"20080422","3559","全智科","胡定華","930684","20080529","20080617","20080626","20081023","永豐金","14.00",""
"20080415","3305","昇貿","李三蓮","700749","","20080520","20080604","20080710","富邦","","櫃轉市"
"20080408","2059","川湖","林聰吉","743762","","20080520","20080530","20080625","大華","","櫃轉市"
"20071228","3080","威力盟","陳炫彬","1602535","","20080318","20080327","20080602","群益","","櫃轉市"
"20071228","5533","皇鼎","劉信雄","1442000","","20080318","20080325","20080430","台証","","櫃轉市"
"20071206","9955","佳龍","吳耀勳","820939","","20071228","20080104","20080121","群益","","櫃轉市"
"20071205","3419","譁裕","林祺生","708103","","20071228","20080104","20080121","群益","","櫃轉市"
"20071205","6213","聯茂","萬海威","2757757","","20071228","20080104","20080121","群益","","櫃轉市"
"20071130","6153","嘉聯益","蔡長穎","3142174","","20071228","20080104","20080121","中信","","櫃轉市"
"20071130","6205","詮欣","吳榮春","720440","","20071228","20080107","20080121","群益","","櫃轉市"
"20071130","6283","淳安","邱森盈","756130","","20071228","20080108","20080121","新壽","","櫃轉市"
"20071130","8021","尖點","林序庭","954691","","20071228","20080107","20080121","金鼎","","櫃轉市"
"20071130","8070","長華","陳俊英","603901","","20071218","20071221","20071231","元大","","櫃轉市"
"20071130","4104","佳醫","傅輝東","801136","","20071218","20071221","20071231","宏遠","","櫃轉市"
"20071129","4306","炎洲","李志賢","1461796","","20071228","20080104","20080121","群益","","櫃轉市"
"20071128","3376","新日興","呂敏文","1115600","","20071218","20071221","20071231","台証","","櫃轉市"
"20071123","3090","日電貿","黃仁虎","688196","","20071218","20071221","20071231","富邦","","櫃轉市"
"20071123","3296","勝德","周義雄","1054933","","20071218","20071221","20071231","富邦","","櫃轉市"
"20071121","8112","至上","葛均","1713209","","20071218","20071221","20071231","富邦","","櫃轉市"
"20071029","3308","聯德","陳銘智","745570","20071205","20071218","20071231","20080312","台証","32.00",""
"20071029","9958","世紀鋼","周金裕","784742","20071206","20071218","20071227","20080312","群益","13.50",""
"20071029","3557","嘉威","黃文駿","600000","20071204","20071218","20071231","20080227","富邦","50.00",""
"20071029","6215","和椿","張永昌","616098","","20071120","20071127","20071231","富邦","","櫃轉市"
"20071023","3536","誠創","楊世宗","1621520","20071129","20071218","20071226","20080430","大華","24.00",""
"20070928","4108","懷特","李成家","941950","20071108","20071228","20080613","20080716","元大","","櫃轉市"
"20070928","3534","雷凌","高榮智","988500","20071109","20071120","20071128","20080408","元大","102.00",""
"20070905","8163","達方","陳其宏","2471203","20071003","20071023","20071106","20071128","大華","100.00",""
"20070831","1583","程泰","楊德華","757133","20071004","20071023","20071105","20080124","富邦","60.00",""
"20070828","3383","新世紀","鍾寬仁","620500","20071002","20071023","20071031","20071210","永豐金","68.00",""
"20070827","3533","嘉澤","朱德祥","638200","20071004","20071023","20071031","20071210","永豐金","41.00",""
"20070824","5388","中磊","王伯元","1390516","20071001","20071023","20071106","20071203","群益","","櫃轉市"
"20070731","3535","晶彩科","陳永華","380000","20070906","20070918","20070927","20080131","永豐金","27.00",""
"20070731","8110","華東","焦佑衡","4551255","20070906","20070918","20071002","20071031","富邦","","櫃轉市"
"20070726","3532","台勝科","李志村","6000750","20070905","20070918","20071016","20071210","元大京華","190.00",""
"20070726","8131","福懋科","王文淵","4000000","20070905","20070918","20071003","20071129","大華","60.00",""
"20070716","6271","同欣電","楊惠捷","818078","20070824","20070918","20071003","20071116","大華","71.00",""
"20070716","3514","昱晶","郭俊雄","1031097","20070827","20070918","20071002","20071102","一銀","221.00",""
"20070712","3494","誠研","黃健華","768816","20070823","20070918","20071002","20071213","中信","23.50",""
"20070710","3519","綠能","林蔚山","800000","20071003","20071023","20071108","20080125","富邦","165.00",""
"20070628","2062","橋椿","楊正發","1565450","20070809","20070821","20070904","20071116","元大京華","52.00",""
"20070615","8201","無敵","曾炳榮","639485","20070727","20070821","20070831","20071029","元大京華","68.00",""
"20070613","3518","柏騰","劉&#21843;志","621462","20070724","20070821","20070904","20071128","元大京華","168.00",""
"20070518","4725","信昌化","辜成允","2689750","20070628","20070717","20070808","20071002","台証","40.00",""
"20070430","6191","精成科","蔡其虎","2717794","20070808","20070821","20070904","20071019","兆豐","","櫃轉市"
"20070430","5522","遠雄","趙藤雄","6953833","20070607","20070626","20070704","20070806","永豐金","","櫃轉市"
"20070427","3515","華擎","徐世昌","743090","20070605","20070626","20070718","20071108","富邦","250.00",""
"20070426","3501","維熹","吳瑞源","755937","20070605","20070626","20070718","20070920","台証","80.00",""
"20070426","3094","聯傑","郝挺","687325","20070606","20070626","20070710","20070806","大華","56.00",""
"20061226","3545","敦泰","黃洲杰","1030000","20070323","20070417","20070426","20070703","中信","31.00",""
"20061220","6176","瑞儀","王本然","3670982","20070303","20070320","20070404","20070515","宏遠","","櫃轉市"
"20061024","8033","雷虎","賴春霖","775046","20061207","20061219","20070109","20070621","大華","","櫃轉市"
"20060928","8105","凌巨","黃洲杰","2060000","20061109","20061121","20061128","20061227","金鼎","","櫃轉市"
"20060908","3504","揚明光","張威儀","743356","20061108","20061121","20061129","20070126","台証","45.00",""
"20060623","6255","奈普","曾國星","1002000","20060823","20060919","20061005","20061031","元富","28.00",""
"20060428","3443","創意","曾繁城","878791","20060622","20060718","20060801","20061103","倍利","38.00",""
"20060428","6120","輔祥","潘重華","2026401","20060627","20060718","20060802","20060913","建華","","櫃轉市"
"20060417","3315","宣昶","高金榮","606513","20060623","20060718","20060810","20061026","金鼎","38.00",""
"20060331","3481","群創","莊宏仁","21066240","20060519","20060620","20060704","20061024","富邦","41.00",""
"20060323","6155","鈞寶","楊正利","608987","20060525","20060620","20060712","20060818","台証","","櫃轉市"
"20051028","3450","聯鈞","鄭祝良","806263","20051212","20051220","20060112","20060412","富邦","26.50",""
"20051026","3474","華亞科","吳欽仁","25109540","20051207","20051220","20060105","20060317","大華證券","33.00",""
"20050926","8046","南電","王永慶","4873856","20051123","20051220","20051230","20060407","群益證券","250.00",""
"20050729","3130","一零四","楊基寬","300000","20051102","20051115","20051201","20060217","復華","95.00",""
"20050720","6005","群益證","陳田文","13643105","20050929","20051025","20051108","20051121","亞東證券","","櫃轉市"
"20050719","3406","玉晶光","陳天恕","613175","20050930","20051025","20051102","20051220","建華","238.00",""
"20050617","6281","全國電","林琦敏","1005010","20050830","20050920","20051006","20051208","倍利","38.00",""
"20050517","3367","英華達","張景嵩","2800000","20050729","20050816","20050824","20051025","元大京華","108.00",""
"20050422","8072","陞泰","陳世忠","607748","20050623","20050719","20050801","20050819","台証","","櫃轉市"
"20050225","4904","遠傳","徐旭東","37631514","20050426","20050517","20050526","20050824","大華","","櫃轉市"
"20041230","6280","崇貿","楊大勇","334609","20040907","20040921","20041001","20041228","日盛","39.00",""
"20041101","6184","大豐電","戴永輝","620000","","20041221","20050103","20050215","大華","","櫃轉市"
"20041022","3356","奇偶","戴光正","380614","20041207","20041221","20050103","20050328","建華","62.00",""
"20040831","8249","菱光","林勝泉","782390","20041028","20041116","20041203","20050517","台灣工銀","38.00",""
"20040730","1560","中砂","白永傳","600000","20041028","20041116","20041126","20050131","元大京華","60.00",""
"20040730","6166","凌華","劉鈞","630590","","20040921","20041001","20041108","台証","","櫃轉市"
"20040730","6197","佳必琪","張舒眉","697962","","20040921","20041001","20041108","倍利","","櫃轉市"
"20040729","4106","雃博","韓春菊","604000","","20040921","20041001","20041108","富邦","","櫃轉市"
"20040728","5854","合庫","陳&#20914;","22085481","20040907","20040921","20040923","20041117","台証","16.74",""
"20040715","6239","力成","蔡篤恭","2612500","","20040921","20041001","20041108","大和","","櫃轉市"
"20040706","2227","裕日車","嚴凱泰","3000000","","20040921","20041001","20041221","元富","80.00",""
"20040705","6209","今國光","陳慶棋","776809","","20040921","20041001","20041108","金鼎","","櫃轉市"
"20040701","6131","悠克","王進祥","601860","","20040817","20040831","20040927","工銀","","櫃轉市"
"20040630","5531","鄉林","賴正鎰","815661","","20041116","20041203","20050131","富邦","","櫃轉市"
"20040630","5607","遠雄港","葉鈞耀","952200","","20040817","20040831","20041202","元富","","櫃轉市"
"20040630","6216","居易","馬鴻方","363706","","20040817","20040831","20040927","台証","","櫃轉市"
"20040628","5525","順天","柯興樹","980380","","20040921","20041001","20041126","華南永昌","","櫃轉市"
"20040628","6192","巨路","林建國","721996","","20040817","20040831","20040927","富邦","","櫃轉市"
"20040604","6201","亞弘電","黃晉益","840000","","20040817","20040831","20040927","中信","","櫃轉市"
"20040602","6202","盛群","吳啟勇","1834000","","20040817","20040831","20040927","元富","","櫃轉市"
"20040528","4414","如興","陳信宏","921651","","20040720","20040805","20040906","寶來","","櫃轉市"
"20040527","3271","其樂達","葉垂奇","446780","20040907","20040921","20041001","20050131","群益","15.00",""
"20040527","6116","彩晶","焦佑麒","50101000","","20040720","20040805","20040906","富邦","","櫃轉市"
"20040524","5203","訊連","黃肇雄","685219","","20040817","20040831","20040927","元大京華","","櫃轉市"
"20040507","3380","明泰","李中旺","2500000","","20040720","20040729","20041220","一銀","27.00",""
"20040507","6206","飛捷","林大成","365037","","20040608","20040617","20040803","復華","","櫃轉市"
"20040503","6004","元京證","杜麗莊","25115741","","20040608","20040617","20040719","合庫","","櫃轉市"
"20040430","6115","鎰勝","黃子成","658832","","20040608","20040617","20040719","建華","","櫃轉市"
"20040429","5305","敦南","宋恭源","3143000","","20040608","20040617","20040719","元大京華","","櫃轉市"
"20040428","6235","華孚","周邦基","1402939","","20040608","20040617","20040823","寶來","","櫃轉市"
"20040421","6225","天瀚","陳振田","1476204","","20040608","20040617","20040927","大華","","櫃轉市"
"20040330","3214","元砷","鄭朝元","1080000","20040525","20040817","20040827","20041124","建華","29.00",""
"20040323","6172","互億","廖豐年","622340","","20040413","20040427","20040524","倍利","","櫃轉市"
"20040319","6189","豐藝","陳澄芳","600626","","20040413","20040427","20040524","建華","","櫃轉市"
"20040317","6196","帆宣","高新明","852508","","20040413","20040427","20040524","中信","","櫃轉市"
"20040301","8008","建興電","宋恭源","5411000","20040625","20040720","20040805","20041105","群益","66.00",""
"20040220","5534","長虹","李文造","922383","","20040413","20040427","20040524","金鼎","","櫃轉市"
"20040217","3189","景碩","童子賢","2000000","20040430","20040511","20040520","20041101","富邦","65.00",""
"20031031","3142","遠茂","王正明","1200000","20040326","20040413","20040426","20040730","倍利","55.00",""
"20030925","3311","閎暉","宋恭源","780600","20031127","20031225","20040108","20040308","富邦","78.00",""
"20030909","6605","帝寶","許敘銘","1145569","20031216","20031225","20040108","20040317","建華","86.00",""
"20030828","8101","華冠","李森田","2800000","20040326","20040413","20040422","20040701","富邦","45.00",""
"20030731","4119","旭富","尹奧圖","301290","20030930","20031021","20031103","20040107","一銀","39.00",""
"20030730","6505","台塑化","王永慶","70000000","20030925","20031021","20031112","20031226","群益","43.00",""
"20030630","8016","矽創","毛穎文","334324","20030925","20031021","20031103","20031225","元富","98.00",""
"20030630","6117","迎廣","賴文賢","623000","","20030715","20030730","20030825","寶來","","櫃轉市"
"20030630","5608","四維航","藍俊德","1525770","","20030715","20030730","20030825","群益","","櫃轉市"
"20030630","5434","崇越","張永然","679446","","20030715","20030730","20030825","大華","","櫃轉市"
"20030630","6012","金鼎證","陳淑珠","7800000","","20030715","20030730","20030825","統一","","櫃轉市"
"20030630","6132","銳普","陳貴全","616000","","20030715","20030730","20030825","中信","","櫃轉市"
"20030630","8926","台汽電","林文淵","3150086","","20030715","20030730","20030825","富邦","","櫃轉市"
"20030627","6141","柏承","李齊良","617550","","20030715","20030730","20031022","金鼎","","櫃轉市"
"20030627","5484","慧友","李忠良","644020","","20030715","20030730","20030825","金鼎","","櫃轉市"
"20030627","6168","宏齊","汪秉龍","742617","","20030715","20030730","20030825","中國信託","","櫃轉市"
"20030627","6136","富爾特","劉雙華","680285","","20030715","20030730","20030825","一銀","","櫃轉市"
"20030627","5471","松翰","陳賢哲","948095","","20030715","20030730","20030825","倍利","","櫃轉市"
"20030626","4526","東台","嚴燦焜","662256","","20030812","20030822","20030915","台証","","櫃轉市"
"20030626","6145","勁永","呂美月","763000","","20030715","20030730","20030825","建華","","櫃轉市"
"20030617","8078","華寶","陳瑞聰","2000000","20030822","20030909","20030919","20031209","元大京華","110.00",""
"20030612","5469","瀚宇博","焦廷標","1001020","","20030715","20030730","20030825","一銀","","櫃轉市"
"20030605","5515","建國","陳啟德","767000","","20030715","20030730","20031006","康和","","櫃轉市"
"20030605","6133","金橋","黃金泰","600000","","20030715","20030730","20030825","倍利","","櫃轉市"
"20030521","6119","大傳","計惠蘭","630000","","20030613","20030709","20030804","中信","","櫃轉市"
"20030515","4532","瑞智","陳盛沺","1891657","","20030613","20030709","20030804","建華","","櫃轉市"
"20030515","6112","聚碩","吳祚綏","641607","","20030613","20030709","20030804","建華","","櫃轉市"
"20030430","6277","宏正","陳錦堂","623000","20030624","20030715","20030730","20031030","大華","110.00",""
"20030430","6165","捷泰","劉忠義","673000","","20030613","20030709","20030804","日盛","","櫃轉市"
"20030429","6285","啟��","林憲銘","644000","20030624","20030715","20030729","20030922","永昌","138.00",""
"20030425","6139","亞翔","姚祖驤","666000","","20030715","20030730","20030825","統一","","櫃轉市"
"20030425","6142","友勁","簡志豪","902008","","20030613","20030709","20030804","一銀","","櫃轉市"
"20030409","4906","正文","陳鴻文","734000","","20030513","20030603","20030630","元富","","櫃轉市"
"20030401","6289","華上","李森田","1325000","20030529","20030613","20030630","20030828","大華","36.00",""
"20030331","6282","康舒","許勝雄","3327300","20030527","20030613","20030624","20030908","統一","37.50",""
"20030331","6257","矽格","黃興陽","910926","20030529","20030613","20030626","20030825","大華","31.00",""
"20030331","3231","緯創","林憲銘","8099620","20030529","20030613","20030702","20030819","大華","32.00",""
"20030326","6286","立錡","邰中和","300000","20030527","20030613","20030627","20031021","元富","168.00",""
"20030321","6269","台郡","鄭明智","600000","20030516","20030613","20030702","20030923","元大京華","28.00",""
"20030303","6128","上福","王瑞宏","609290","","20030408","20030520","20030616","建華","","櫃轉市"
"20030224","1737","臺鹽","鄭寶清","2500000","20030324","20030408","20030514","20031118","台証","19.28",""
"20021129","3063","飛信","陳瑞聰","1800000","20030324","20030408","20030428","20030908","元大京華","28.00",""
"20021108","3061","璨圓","簡奉任","519700","20021218","20021226","20030121","20030411","建華","68.00",""
"20021031","3062","建漢","陳漢清","1221450","20021219","20030218","20030425","20030728","元大京華","55.00",""
"20020829","3060","銘異","倪璧光","779500","20021104","20021112","20021125","20030421","金鼎","36.00",""
"20020807","1477","聚陽","周理平","804375","20021104","20021112","20021129","20030121","大華","45.00",""
"20020730","2855","統一證","鄧阿華","11279000","","20020813","20020823","20020916","寶來","","櫃轉市"
"20020730","2856","元富證","陳文鋒","11568000","","20020813","20020823","20020916","中信","","櫃轉市"
"20020724","2854","寶來證","白文正","10000000","","20020813","20020823","20020916","金鼎","","櫃轉市"
"20020701","3047","訊舟","簡萬發","309859","","20020709","20020731","20020826","統一","","櫃轉市"
"20020628","3043","科風","張峰豪","613148","","20020709","20020731","20020826","中信","","櫃轉市"
"20020628","3044","健鼎","王景春","1382000","","20020709","20020731","20020826","倍利","","櫃轉市"
"20020628","3045","台灣大","孫道存","37840730","","20020709","20020731","20020826","富邦","","櫃轉市"
"20020628","3046","建��","林憲銘","2115000","","20020709","20020731","20020826","元大京華","","櫃轉市"
"20020627","3056","總太","黃正華","308000","20020828","20020910","20020924","20030303","元富","20.00",""
"20020627","3058","立德","林碧珍","697500","20020828","20020910","20020919","20021209","倍利","28.00",""
"20020627","3030","德律","陳玠源","616000","","20020709","20020731","20021029","大華","","櫃轉市"
"20020627","1539","巨庭","莊博彥","600000","","20020709","20020731","20021029","亞東","","櫃轉市"
"20020627","3029","零壹","林嘉勳","600000","","20020709","20020731","20020826","元富","","櫃轉市"
"20020627","3031","佰鴻","廖宗仁","519900","","20020709","20020731","20020826","倍利","","櫃轉市"
"20020627","3032","偉訓","王大進","626180","","20020709","20020731","20020826","元大京華","","櫃轉市"
"20020627","3033","威健","胡秋江","880000","","20020709","20020731","20020826","元大京華","","櫃轉市"
"20020627","3034","聯詠","何泰舜","2351000","","20020709","20020731","20020826","太祥","","櫃轉市"
"20020627","3035","智原","曹興誠","1269000","","20020709","20020731","20020826","太祥","","櫃轉市"
"20020627","9944","新麗","簡榮財","600750","","20020709","20020731","20020826","中信","","櫃轉市"
"20020627","3036","文曄","鄭文宗","880740","","20020709","20020731","20020826","倍利","","櫃轉市"
"20020627","3037","欣興","曾子章","6532000","","20020709","20020731","20020826","建弘","","櫃轉市"
"20020627","3038","全台","曾瑞銘","982000","","20020709","20020731","20020826","元大京華","","櫃轉市"
"20020627","3039","宏傳","翁兩傳","600000","","20020709","20020731","20020826","寶來","","櫃轉市"
"20020627","3040","遠見","林夢暉","914000","","20020709","20020731","20020826","元大京華","","櫃轉市"
"20020627","3041","揚智","呂理達","1415000","","20020709","20020731","20020826","建弘","","櫃轉市"
"20020627","1540","喬福","林聖明","640000","","20020709","20020731","20020826","統一","","櫃轉市"
"20020627","3042","晶技","林進寶","1203485","","20020709","20020731","20020826","元大京華","","櫃轉市"
"20020626","1736","喬山","羅崑泉","700000","20020823","20020910","20021024","20030109","台証","81.00",""
"20020626","3028","增你強","周友義","800000","","20020709","20020731","20020826","台証","","櫃轉市"
"20020626","1735","日勝化","何文杰","600880","","20020709","20020731","20020826","大華","","櫃轉市"
"20020626","1538","正峰新","鍾明甫","934000","","20020709","20020731","20020826","台灣工銀","","櫃轉市"
"20020624","1734","杏輝","李志文","64000","","20020709","20020731","20020826","建弘","","櫃轉市"
"20020624","3026","禾伸堂","唐錦榮","1125300","","20020709","20020731","20020826","倍利","","櫃轉市"
"20020624","3027","盛達","陳政富","722000","","20020709","20020731","20020826","德信","","櫃轉市"
"20020621","1541","錩泰","張經金","605037","20021219","20021226","20030114","20030319","台証","36.00",""
"20020620","3023","信邦","王紹新","715000","","20020709","20020731","20020826","台証","","櫃轉市"
"20020620","3024","憶聲","彭君平","1461693","","20020709","20020731","20020826","寶來","","櫃轉市"
"20020620","3025","星通","金世添","522000","","20020709","20020731","20020826","中華工銀","","櫃轉市"
"20020618","3055","蔚華科","許宗賢","1025300","20020816","20020910","20020925","20021212","倍利","35.00",""
"20020618","2548","華固","鍾榮昌","1120000","","20020709","20020731","20020826","元富","","櫃轉市"
"20020617","3059","華晶科","徐善可","738118","20020816","20020910","20020923","20021224","建弘","76.00",""
"20020617","9943","好樂迪","盧燕賢","1841000","","20020709","20020731","20020826","倍利","","櫃轉市"
"20020614","3021","鴻名","張泰銘","704866","","20020709","20020731","20020826","元大京華","","櫃轉市"
"20020614","3022","威達電","郭博達","1090437","","20020709","20020731","20020826","中華工銀","","櫃轉市"
"20020612","3020","奇普仕","溫明朝","631000","","20020709","20020731","20020826","元大京華","","櫃轉市"
"20020604","3018","同開","盧信介","602505","","20020709","20020731","20020826","倍利","","櫃轉市"
"20020604","3019","亞光","賴以仁","869262","","20020709","20020731","20020826","建弘","","櫃轉市"
"20020531","3011","今皓","林文煌","619631","","20020611","20020625","20020722","富邦","","櫃轉市"
"20020530","3054","立萬利","劉文聰","305000","20020726","20020813","20020829","20021118","大華","78.00",""
"20020530","3010","華立","張瑞欽","1160883","","20020611","20020625","20020722","台証","","櫃轉市"
"20020529","3057","喬鼎","李志恩","644700","20020823","20020910","20021001","20021218","元大京華","79.00",""
"20020516","3051","力特","賴大王","1496000","20020719","20020813","20020826","20021028","元大京華","43.00",""
"20020502","3049","和鑫","張錫強","4000000","20020619","20020709","20020723","20020927","元大京華","28.00",""
"20020430","3016","嘉晶","楊炳連","600000","20020614","20020709","20020722","20021224","中信銀","18.00",""
"20020429","3015","全漢","鄭雅仁","600000","20020614","20020709","20020722","20021016","倍利","63.00",""
"20020429","3048","益登","曾禹旖","884000","20020619","20020709","20020719","20021001","金鼎","100.00",""
"20020426","3050","鈺德","張昭焚","1340000","20020612","20020813","20020829","20021029","元大京華","42.00",""
"20020401","3017","奇鋐","沈慶行","880000","20020531","20020611","20020625","20020927","元大京華","42.00",""
"20020328","3013","晟銘電","林木和","870000","20020531","20020611","20020624","20020916","中國信託","35.00",""
"20020327","3012","廣輝","林百里","20000000","20020515","20020611","20020626","20020828","倍利","25.00",""
"20020320","3014","聯陽","陳文熙","933000","20020515","20020611","20020625","20021029","日盛","24.50",""
"20020226","3009","奇美","許文龍","16200000","20020424","20020507","20020516","20020826","金鼎","63.00",""
"20011011","3008","大立光","林耀英","621000","20011214","20011225","20020108","20020311","台証","205.00",""
"20010927","3006","晶豪科","趙瑚","1000000","20011129","20011211","20011221","20020304","金鼎","150.00",""
"20010926","3007","綠點","李毓洲","1006000","20011129","20011211","20011225","20020426","富邦","70.00",""
"20010710","3005","神基","蔡豐賜","1833000","20011024","20011113","20011204","20020225","中信","35.00",""
"20010629","2487","友立資","陳偉仁","640000","","20010821","20010906","20010917","建弘","","櫃轉市"
"20010629","2488","漢平","劉秋雄","700000","","20010821","20010906","20010917","倍利","","櫃轉市"
"20010629","2489","瑞軒","吳春發","1622000","","20010821","20010906","20010917","元大京華","","櫃轉市"
"20010629","2490","皇統","李皇葵","857732","","20010821","20010906","20010917","亞東","","櫃轉市"
"20010629","2491","訊碟","呂學仁","1628000","","20010821","20010906","20010917","大華","","櫃轉市"
"20010629","2618","長榮航","鄭金泉","21000000","","20010821","20010906","20010917","富邦","","櫃轉市"
"20010629","2492","華新科","焦佑衡","1850000","","20010821","20010906","20010917","太祥","","櫃轉市"
"20010628","2496","卓越","向亨台","620000","20010831","20010925","20011012","20020308","復華","36.00",""
"20010628","9942","茂順","石正復","420000","20010831","20010925","20011016","20020128","元大京華","40.00",""
"20010628","2469","力信","鄭嘉正","666482","","20010710","20010906","20010917","中信","","櫃轉市"
"20010628","9941","裕融","嚴凱泰","1763000","","20010821","20010906","20010917","元富","","櫃轉市"
"20010628","1536","和大","沈國榮","465179","","20010710","20010906","20010917","元大京華","","櫃轉市"
"20010628","1732","毛寶","吳賢泰","396302","","20010710","20010906","20010917","金鼎","","櫃轉市"
"20010628","2470","品佳","陳國源","996000","","20010710","20010906","20010917","大華","","櫃轉市"
"20010628","1733","五鼎","沈燕士","300000","","20010710","20010906","20010917","富邦","","櫃轉市"
"20010628","2471","資通","余宏揚","433050","","20010710","20010906","20010917","台証","","櫃轉市"
"20010628","2472","立隆電","吳德詮","670000","","20010710","20010906","20010917","台証","","櫃轉市"
"20010628","2473","思源","呂茂田","469500","","20010710","20010906","20010917","倍利","","櫃轉市"
"20010628","2474","可成","洪水樹","844000","","20010710","20010906","20010917","大華","","櫃轉市"
"20010628","2475","華映","林鎮源","37720000","","20010710","20010906","20010917","大華","","櫃轉市"
"20010628","2476","鉅祥","林於晃","1090000","","20010821","20010906","20010917","中信銀","","櫃轉市"
"20010628","2477","美隆電","吳維忠","746800","","20010821","20010906","20010917","元大京華","","櫃轉市"
"20010628","2478","大毅","江財寶","626000","","20010821","20010906","20010917","元富","","櫃轉市"
"20010628","2479","和立","張錫強","1091000","","20010821","20010906","20010917","元大京華","","櫃轉市"
"20010628","2480","敦陽科","梁修宗","836319","","20010821","20010906","20010917","台証","","櫃轉市"
"20010628","2481","強茂","方敏清","748217","","20010821","20010906","20010917","倍利","","櫃轉市"
"20010628","2482","連宇","羅鋇","420000","","20010821","20010906","20010917","元大京華","","櫃轉市"
"20010628","2483","百容","廖本曲","589680","","20010821","20010906","20010917","建弘","","櫃轉市"
"20010628","2484","希華","曾穎堂","535950","","20010821","20010906","20010917","建弘","","櫃轉市"
"20010628","2485","兆赫","黃啟瑞","977548","","20010821","20010906","20010917","元大京華","","櫃轉市"
"20010628","2486","一詮","周萬順","560000","","20010821","20010906","20010917","日盛","","櫃轉市"
"20010627","1535","中宇","杜金陵","811719","","20010710","20010906","20010917","統一","","櫃轉市"
"20010626","2499","東貝","吳慶輝","762832","20010831","20010925","20011011","20020219","富邦","39.00",""
"20010626","2466","冠西電","陳春夏","444422","","20010710","20010906","20010917","富邦","","櫃轉市"
"20010626","2467","志聖","梁茂生","467000","","20010710","20010906","20010917","倍利","","櫃轉市"
"20010626","1534","新企","葉宏清","888976","","20010821","20010906","20010917","群益","","櫃轉市"
"20010626","2468","華經","陳澤燦","507500","","20010710","20010906","20010917","中信","","櫃轉市"
"20010622","2495","普安","羅仕東","550000","20010827","20010925","20011009","20020325","大華","102.00",""
"20010622","1537","廣隆","李耀銘","463000","20010829","20010925","20011012","20020122","大華","43.00",""
"20010622","2463","研揚","莊永順","556550","","20010710","20010906","20010917","台灣工銀","","櫃轉市"
"20010622","1730","花仙子","王堯倫","407824","","20010710","20010906","20010917","國票聯合","","櫃轉市"
"20010622","9940","信義","周俊吉","785540","","20010821","20010906","20010917","大華","","櫃轉市"
"20010622","1731","美吾華","李成家","653460","","20010710","20010906","20010917","建弘","","櫃轉市"
"20010622","2464","盟立","孫弘","620725","","20010710","20010906","20010917","太平洋","","櫃轉市"
"20010622","2465","麗臺","盧崑山","699295","","20010710","20010906","20010917","台証","","櫃轉市"
"20010620","1236","宏亞","張豪城","612839","","20010710","20010906","20010917","寶來","","櫃轉市"
"20010620","2462","良得電","林健斌","527000","","20010710","20010906","20010917","太平洋","","櫃轉市"
"20010619","2459","敦吉","鍾正宏","606000","","20010710","20010906","20010917","台証","","櫃轉市"
"20010619","2460","建通","蘇敦禮","438190","","20010710","20010906","20010917","台証","","櫃轉市"
"20010619","2461","光群雷","郭維武","820000","","20010710","20010906","20010917","日盛","","櫃轉市"
"20010619","2034","允強","張清課","987440","","20010710","20010906","20010917","建弘","","櫃轉市"
"20010618","2458","義隆","葉儀&#26215;","2208102","","20010710","20010906","20010917","元大京華","","櫃轉市"
"20010615","2457","飛宏","林中民","1534600","","20010710","20010906","20010917","元富","","櫃轉市"
"20010611","3001","協和","王演芳","461000","20010829","20010925","20011011","20020108","元大京華","28.00",""
"20010607","3003","健和興","鄭克彬","517618","20010829","20010925","20011023","20020219","大華","31.00",""
"20010604","2497","怡利電","陳錫堯","551800","20010827","20010925","20011012","20020204","元大京華","45.00",""
"20010531","2493","揚博","蘇勝義","737290","20010727","20010821","20010828","20020123","金鼎","30.00",""
"20010528","3002","歐格","李廣浩","405000","20010727","20010821","20010830","20020123","富邦","32.00",""
"20010522","2494","突破","陳源鈞","1265880","20010727","20010821","20010829","20020102","金鼎","35.00",""
"20010430","2498","宏達電","王雪紅","1250000","20010827","20010925","20011015","20020326","元大京華","163.50",""
"20010430","2455","全新","廖志銘","700000","20010613","20010710","20010720","20020124","亞洲","23.00",""
"20010427","2456","奇力新","陳泰銘","844800","20010613","20010710","20010720","20010926","富邦","30.00",""
"20010425","3004","豐達科","蘇名宇","420000","20010725","20010821","20010910","20020225","統一","36.00",""
"20010221","2454","聯發科","蔡明介","2168000","20010326","20010410","20010501","20010723","建弘","278.00",""
"20001130","2448","晶電","葉寅夫","765000","20001222","20001228","20010111","20010525","太祥","32.50",""
"20001128","1476","儒鴻","洪鎮海","912107","20001222","20001228","20010115","20010418","群益","15.00",""
"20001123","2452","乾坤","鄭崇華","820000","20001220","20001228","20010115","20010531","金鼎","54.00",""
"20001116","2449","京元電子","李金恭","2632254","20001220","20001228","20010109","20010509","群益","65.32",""
"20001031","2447","鼎新","孫藹彬","441688","20001124","20001212","20001226","20010409","大華","106.00",""
"20001026","2450","神腦","林保雍","1334252","20001124","20001212","20001230","20010524","","28.00",""
"20001024","2446","全懋","徐仁福","2800000","20001122","20001212","20001227","20010613","建弘","20.00",""
"20000921","2451","創見","束崇萬","1325000","20001027","20001114","20001123","20010503","元大","85.00",""
"20000831","2453","凌群","劉瑞復","756000","20000929","20001017","20000115","20010522","台証","45.00",""
"20000831","9938","百和","陳宏博","780000","20000929","20001017","20001027","20010112","","18.00",""
"20000731","1533","車王電","蔡宜雄","642000","","20000919","20001009","20010406","大華","40.20",""
"20000710","2445","南方","蔡奮鬥","689000","20000829","20000919","20001009","20010402","金鼎","25.00",""
"20000630","9939","宏全","戴宏全","704241","20000727","20000808","20000831","20010302","大華","25.00",""
"20000615","1729","必翔","伍必翔","727740","20000721","20000801","20000926","20010321","大華","60.00",""
"20000310","2443","利碟","林邦充","1825000","20000428","20000509","20000623","20010103","","10.50",""
